assignment_id,entity_id,ticker,market_id,submarket,value_chain_role,assignment_type,relevance_tier,source,as_of_date,confidence_score,notes
ASG000001,ENT002034,KOSE:A000660,MKT0001,HBM,manufacturer,focal_market_member,core,outputs/company_text_v0.csv; data/GSE580_theta_data.csv; outputs/company_peers_top5.csv,2026-05-28,0.94,Company text identifies a memory semiconductor company and HBM leadership
ASG000002,ENT002529,MU,MKT0001,DRAM; NAND; NOR,manufacturer,focal_market_member,core,outputs/company_text_v0.csv; data/GSE580_theta_data.csv; outputs/company_peers_top5.csv,2026-05-28,0.95,"Company text identifies memory and storage semiconductor solutions manufacturing DRAM, NAND flash, and NOR flash"
ASG000003,ENT003975,TSE:285A,MKT0001,NAND,manufacturer,focal_market_member,core,outputs/company_text_v0.csv; data/GSE580_theta_data.csv; outputs/company_peers_top5.csv,2026-05-28,0.93,Company text identifies a NAND flash memory manufacturer
ASG000004,ENT004295,TWSE:2408,MKT0001,DRAM,manufacturer,focal_market_member,core,outputs/company_text_v0.csv; data/GSE580_theta_data.csv; outputs/company_peers_top5.csv,2026-05-28,0.91,Company text identifies specialty DRAM manufacturing and niche memory products
ASG000005,ENT003214,RMBS,MKT0001,memory interface,component_supplier,upstream_participant,important,outputs/company_text_v0.csv; data/GSE580_theta_data.csv; outputs/company_peers_top5.csv,2026-05-28,0.78,Company text identifies memory interface chips and HBM/GDDR IP; not a memory manufacturer
ASG000006,ENT003533,SIMO,MKT0001,NAND controller,component_supplier,upstream_participant,important,outputs/company_text_v0.csv; data/GSE580_theta_data.csv; outputs/company_peers_top5.csv,2026-05-28,0.78,Company text identifies NAND flash controllers for solid-state storage; upstream to memory/storage ecosystem
ASG000007,ENT000160,AMAT,MKT0001,DRAM,equipment_provider,upstream_participant,important,outputs/company_text_v0.csv; data/GSE580_theta_data.csv; outputs/company_peers_top5.csv,2026-05-28,0.84,Company text ties wafer fab equipment demand to advanced DRAM and memory node transitions
ASG000008,ENT000263,ASML,MKT0001,lithography,equipment_provider,upstream_participant,important,outputs/company_text_v0.csv; data/GSE580_theta_data.csv; outputs/company_peers_top5.csv,2026-05-28,0.82,Company text identifies lithography systems sold to memory manufacturers including SK Hynix and Micron
ASG000009,ENT001993,KLAC,MKT0001,inspection; metrology,equipment_provider,upstream_participant,important,outputs/company_text_v0.csv; data/GSE580_theta_data.csv; outputs/company_peers_top5.csv,2026-05-28,0.83,"Company text ties process control demand to 3D NAND, HBM, and advanced packaging"
ASG000010,ENT001996,KLIC,MKT0001,assembly equipment,equipment_provider,upstream_participant,important,outputs/company_text_v0.csv; data/GSE580_theta_data.csv; outputs/company_peers_top5.csv,2026-05-28,0.83,Company text identifies DRAM ball bonding and NAND wire bonding equipment leadership
ASG000011,ENT002041,KOSE:A005930,MKT0001,DRAM; NAND; HBM,manufacturer,focal_market_member,important,outputs/company_text_v0.csv; data/GSE580_theta_data.csv; outputs/company_peers_top5.csv,2026-05-28,0.78,"Diversified electronics company; memory segment lists DRAM, NAND, and HBM but non-memory exposure is material"
ASG000012,ENT003587,SNDK,MKT0001,NAND,manufacturer,focal_market_member,important,outputs/company_text_v0.csv; data/GSE580_theta_data.csv; outputs/company_peers_top5.csv,2026-05-28,0.74,"Company text identifies NAND flash manufacturing through Kioxia JV, but exposure includes finished storage devices; human review useful"
ASG000013,ENT001843,IMOS,MKT0001,OSAT,service_provider,upstream_participant,important,outputs/company_text_v0.csv; data/GSE580_theta_data.csv; outputs/company_peers_top5.csv,2026-05-28,0.84,Company text identifies memory chip testing and packaging for DRAM and flash
ASG000014,ENT004314,TWSE:6239,MKT0001,OSAT,service_provider,upstream_participant,important,outputs/company_text_v0.csv; data/GSE580_theta_data.csv; outputs/company_peers_top5.csv,2026-05-28,0.85,Company text identifies memory IC packaging and testing with DRAM and NAND exposure
ASG000015,ENT000037,ACLS,MKT0002,ion implantation,equipment_provider,focal_market_member,core,outputs/company_text_v0.csv; data/GSE580_theta_data.csv; outputs/company_peers_top5.csv,2026-05-28,0.91,Company text identifies ion implantation equipment for semiconductor fabrication
ASG000016,ENT000039,ACMR,MKT0002,cleaning; electroplating,equipment_provider,focal_market_member,core,outputs/company_text_v0.csv; data/GSE580_theta_data.csv; outputs/company_peers_top5.csv,2026-05-28,0.89,"Company text identifies wafer processing tools for cleaning, electroplating, furnace, track, and advanced packaging"
ASG000017,ENT000071,AEHR,MKT0002,test,equipment_provider,focal_market_member,core,outputs/company_text_v0.csv; data/GSE580_theta_data.csv; outputs/company_peers_top5.csv,2026-05-28,0.88,Company text identifies semiconductor test and burn-in equipment
ASG000018,ENT000160,AMAT,MKT0002,deposition; etch; CMP,equipment_provider,focal_market_member,core,outputs/company_text_v0.csv; data/GSE580_theta_data.csv; outputs/company_peers_top5.csv,2026-05-28,0.94,"Company text identifies semiconductor systems for deposition, etch, CMP, ion implant, and inspection/metrology"
ASG000019,ENT000263,ASML,MKT0002,lithography,equipment_provider,focal_market_member,core,outputs/company_text_v0.csv; data/GSE580_theta_data.csv; outputs/company_peers_top5.csv,2026-05-28,0.95,Company text identifies EUV and DUV lithography systems for semiconductor manufacturing
ASG000020,ENT000679,CAMT,MKT0002,inspection; metrology,equipment_provider,focal_market_member,core,outputs/company_text_v0.csv; data/GSE580_theta_data.csv; outputs/company_peers_top5.csv,2026-05-28,0.90,Company text identifies inspection and metrology equipment for semiconductor industry
ASG000021,ENT000841,COHU,MKT0002,test; inspection,equipment_provider,focal_market_member,core,outputs/company_text_v0.csv; data/GSE580_theta_data.csv; outputs/company_peers_top5.csv,2026-05-28,0.88,"Company text identifies semiconductor test equipment, handlers, ATE, inspection, and metrology systems"
ASG000022,ENT001463,FORM,MKT0002,test; metrology,equipment_provider,focal_market_member,core,outputs/company_text_v0.csv; data/GSE580_theta_data.csv; outputs/company_peers_top5.csv,2026-05-28,0.89,Company text identifies wafer probe cards and metrology/inspection systems used during semiconductor manufacturing
ASG000023,ENT001993,KLAC,MKT0002,inspection; metrology,equipment_provider,focal_market_member,core,outputs/company_text_v0.csv; data/GSE580_theta_data.csv; outputs/company_peers_top5.csv,2026-05-28,0.94,Company text identifies process control and yield management equipment for semiconductor manufacturing
ASG000024,ENT001996,KLIC,MKT0002,assembly; packaging,equipment_provider,focal_market_member,core,outputs/company_text_v0.csv; data/GSE580_theta_data.csv; outputs/company_peers_top5.csv,2026-05-28,0.88,Company text identifies semiconductor assembly technology and advanced packaging equipment
ASG000025,ENT002199,LRCX,MKT0002,etch; deposition; clean,equipment_provider,focal_market_member,core,outputs/company_text_v0.csv; data/GSE580_theta_data.csv; outputs/company_peers_top5.csv,2026-05-28,0.94,"Company text identifies wafer fabrication equipment for etch, deposition, and clean systems"
ASG000026,ENT002740,NVMI,MKT0002,metrology,equipment_provider,focal_market_member,core,outputs/company_text_v0.csv; data/GSE580_theta_data.csv; outputs/company_peers_top5.csv,2026-05-28,0.90,Company text identifies metrology and process control solutions for semiconductor manufacturing
ASG000027,ENT002887,ONTO,MKT0002,inspection; metrology; lithography,equipment_provider,focal_market_member,core,outputs/company_text_v0.csv; data/GSE580_theta_data.csv; outputs/company_peers_top5.csv,2026-05-28,0.90,"Company text identifies metrology, inspection, and lithography solutions across the semiconductor value chain"
ASG000028,ENT003866,TER,MKT0002,test,equipment_provider,focal_market_member,core,outputs/company_text_v0.csv; data/GSE580_theta_data.csv; outputs/company_peers_top5.csv,2026-05-28,0.87,Company text identifies automated test equipment for semiconductors; robotics exposure is non-core
ASG000029,ENT004394,VECO,MKT0002,annealing; deposition; lithography,equipment_provider,focal_market_member,core,outputs/company_text_v0.csv; data/GSE580_theta_data.csv; outputs/company_peers_top5.csv,2026-05-28,0.88,"Company text identifies semiconductor process equipment including laser annealing, ion beam deposition, MOCVD, wet processing, and packaging lithography"
ASG000030,ENT000073,AEIS,MKT0002,power subsystems,component_supplier,upstream_participant,important,outputs/company_text_v0.csv; data/GSE580_theta_data.csv; outputs/company_peers_top5.csv,2026-05-28,0.80,Company text identifies RF and DC power supplies for semiconductor etch and deposition; supplier to equipment OEMs
ASG000031,ENT001805,ICHR,MKT0002,fluid delivery subsystems,component_supplier,upstream_participant,important,outputs/company_text_v0.csv; data/GSE580_theta_data.csv; outputs/company_peers_top5.csv,2026-05-28,0.82,Company text identifies critical fluid delivery subsystems and precision components for semiconductor capital equipment
ASG000032,ENT002451,MKSI,MKT0002,vacuum; gas delivery,component_supplier,upstream_participant,important,outputs/company_text_v0.csv; data/GSE580_theta_data.csv; outputs/company_peers_top5.csv,2026-05-28,0.82,"Company text identifies vacuum, gas delivery, plasma, optical metrology, and photonics subsystems for semiconductor manufacturing"
ASG000033,ENT004329,UCTT,MKT0002,equipment components,component_supplier,upstream_participant,important,outputs/company_text_v0.csv; data/GSE580_theta_data.csv; outputs/company_peers_top5.csv,2026-05-28,0.80,Company text identifies outsourced components tied to wafer fab equipment spending; upstream to tool OEMs
ASG000034,ENT000882,CPSE:MAERSK B,MKT0003,liner operator,transport_operator,focal_market_member,core,outputs/company_text_v0.csv; data/GSE580_theta_data.csv; outputs/company_peers_top5.csv,2026-05-28,0.93,Company text identifies one of the world largest container shipping lines operating vessels and logistics
ASG000035,ENT001332,ESEA,MKT0003,liner operator,transport_operator,focal_market_member,core,outputs/company_text_v0.csv; data/GSE580_theta_data.csv; outputs/company_peers_top5.csv,2026-05-28,0.86,Company text identifies a container shipping company focused on feeder and intermediate containerships
ASG000036,ENT002374,MATX,MKT0003,liner operator,transport_operator,focal_market_member,core,outputs/company_text_v0.csv; data/GSE580_theta_data.csv; outputs/company_peers_top5.csv,2026-05-28,0.84,"Company text identifies ocean transportation services including containerized freight on Hawaii, Alaska, Guam, and China routes; logistics exposure also present"
ASG000037,ENT003492,SHSE:601919,MKT0003,liner operator,transport_operator,focal_market_member,core,outputs/company_text_v0.csv; data/GSE580_theta_data.csv; outputs/company_peers_top5.csv,2026-05-28,0.92,Company text identifies a major container shipping company by capacity with vessel and port-terminal operations
ASG000038,ENT004701,ZIM,MKT0003,liner operator,transport_operator,focal_market_member,core,outputs/company_text_v0.csv; data/GSE580_theta_data.csv; outputs/company_peers_top5.csv,2026-05-28,0.90,Company text identifies container line services and direct shippers/freight-forwarder customers
ASG000039,ENT000877,CPSE:DSV,MKT0003,freight forwarding,distributor,downstream_participant,important,outputs/company_text_v0.csv; data/GSE580_theta_data.csv; outputs/company_peers_top5.csv,2026-05-28,0.82,"Company text identifies largest freight forwarder following DB Schenker acquisition; downstream intermediary, not vessel operator"
ASG000040,ENT001010,DB:DHL,MKT0003,freight forwarding,distributor,downstream_participant,important,outputs/company_text_v0.csv; data/GSE580_theta_data.csv; outputs/company_peers_top5.csv,2026-05-28,0.82,"Company text identifies global freight forwarding and supply chain logistics; downstream intermediary, not vessel operator"
ASG000041,ENT001376,EXPD,MKT0003,freight forwarding,distributor,downstream_participant,important,outputs/company_text_v0.csv; data/GSE580_theta_data.csv; outputs/company_peers_top5.csv,2026-05-28,0.82,Company text identifies global freight forwarding with air/ocean freight consolidation and customs brokerage
ASG000042,ENT000812,CMRE,MKT0003,container vessel owner/lessor,equipment_provider,upstream_participant,important,outputs/company_text_v0.csv; data/GSE580_theta_data.csv; outputs/company_peers_top5.csv,2026-05-28,0.78,Company text identifies containership owner with container vessels; upstream vessel capacity rather than liner service
ASG000043,ENT000998,DAC,MKT0003,container vessel owner/lessor,equipment_provider,upstream_participant,important,outputs/company_text_v0.csv; data/GSE580_theta_data.csv; outputs/company_peers_top5.csv,2026-05-28,0.78,Company text identifies container vessel chartering as majority revenue; not a direct liner operator
ASG000044,ENT001638,GSL,MKT0003,container vessel owner/lessor,equipment_provider,upstream_participant,important,outputs/company_text_v0.csv; data/GSE580_theta_data.csv; outputs/company_peers_top5.csv,2026-05-28,0.78,Company text identifies containership owner and lessor; not a direct liner operator
ASG000045,ENT000763,CHRW,MKT0003,freight forwarding,distributor,downstream_participant,adjacent,outputs/company_text_v0.csv; data/GSE580_theta_data.csv; outputs/company_peers_top5.csv,2026-05-28,0.78,"Company text identifies ocean freight and freight forwarding; downstream intermediary, not vessel operator"
ASG000046,ENT000904,CRGO,MKT0003,freight forwarding,distributor,downstream_participant,adjacent,outputs/company_text_v0.csv; data/GSE580_theta_data.csv; outputs/company_peers_top5.csv,2026-05-28,0.74,Company text identifies digital booking platform for international container shipping and Freightos Baltic Index; adjacent channel role
ASG000047,ENT001277,ENXTPA:ML,MKT0004,passenger; truck; specialty,manufacturer,focal_market_member,core,outputs/company_text_v0.csv; data/GSE580_theta_data.csv; outputs/company_peers_top5.csv,2026-05-28,0.93,"Company text identifies Michelin as a major tire manufacturer with automotive, road transportation, and specialties segments"
ASG000048,ENT001640,GT,MKT0004,passenger; truck; industrial,manufacturer,focal_market_member,core,outputs/company_text_v0.csv; data/GSE580_theta_data.csv; outputs/company_peers_top5.csv,2026-05-28,0.92,"Company text identifies Goodyear as a tire manufacturer producing tires for automobiles, trucks, buses, aircraft, and industrial equipment"
ASG000049,ENT002063,KOSE:A073240,MKT0004,passenger; truck,manufacturer,focal_market_member,core,outputs/company_text_v0.csv; data/GSE580_theta_data.csv; outputs/company_peers_top5.csv,2026-05-28,0.90,Company text identifies Kumho Tire as a tire manufacturer
ASG000050,ENT004028,TSE:5101,MKT0004,consumer; commercial; off-highway,manufacturer,focal_market_member,core,outputs/company_text_v0.csv; data/GSE580_theta_data.csv; outputs/company_peers_top5.csv,2026-05-28,0.88,"Company text identifies tire products including consumer, commercial truck, and off-highway tires"
ASG000051,ENT004029,TSE:5105,MKT0004,passenger; truck,manufacturer,focal_market_member,core,outputs/company_text_v0.csv; data/GSE580_theta_data.csv; outputs/company_peers_top5.csv,2026-05-28,0.90,Company text identifies Toyo Tire as a tire manufacturer
ASG000052,ENT004030,TSE:5108,MKT0004,passenger; truck; specialty,manufacturer,focal_market_member,core,outputs/company_text_v0.csv; data/GSE580_theta_data.csv; outputs/company_peers_top5.csv,2026-05-28,0.93,Company text identifies Bridgestone as a major tire manufacturer with tire-related plants
ASG000053,ENT004031,TSE:5110,MKT0004,passenger; truck,manufacturer,focal_market_member,core,outputs/company_text_v0.csv; data/GSE580_theta_data.csv; outputs/company_peers_top5.csv,2026-05-28,0.90,Company text identifies Sumitomo Rubber Industries as a tire manufacturer
ASG000054,ENT002471,MNRO,MKT0004,tire retail,distributor,downstream_participant,important,outputs/company_text_v0.csv; data/GSE580_theta_data.csv; outputs/company_peers_top5.csv,2026-05-28,0.82,Company text identifies automotive service and tire retail chain; downstream distribution rather than manufacturing
ASG000055,ENT002651,NSEI:BALKRISIND,MKT0004,off-highway,manufacturer,focal_market_member,important,outputs/company_text_v0.csv; data/GSE580_theta_data.csv; outputs/company_peers_top5.csv,2026-05-28,0.86,Company text identifies off-highway tire manufacturing with OEM and replacement exposure; also has carbon black business
ASG000056,ENT004604,XTRA:CON,MKT0004,tires; industrial rubber,manufacturer,focal_market_member,important,outputs/company_text_v0.csv; data/GSE580_theta_data.csv; outputs/company_peers_top5.csv,2026-05-28,0.84,Company text identifies Continental tire manufacturing and industrial rubber products; diversified exposure
ASG000057,ENT000700,CBT,MKT0004,carbon black; rubber additives,raw_material_supplier,upstream_participant,important,outputs/company_text_v0.csv; data/GSE580_theta_data.csv; outputs/company_peers_top5.csv,2026-05-28,0.82,"Company text identifies carbon black production, a reinforcing filler used in tires"
ASG000058,ENT002811,OEC,MKT0004,carbon black; rubber additives,raw_material_supplier,upstream_participant,important,outputs/company_text_v0.csv; data/GSE580_theta_data.csv; outputs/company_peers_top5.csv,2026-05-28,0.82,Company text identifies carbon black as a critical reinforcing filler in tires
ASG000059,ENT004636,XTRA:LXS,MKT0004,carbon black; rubber additives,raw_material_supplier,upstream_participant,adjacent,outputs/company_text_v0.csv; data/GSE580_theta_data.csv; outputs/company_peers_top5.csv,2026-05-28,0.76,Company text identifies rubber additives sold to tire manufacturers; specialty chemicals exposure is broader
ASG000060,ENT000272,ASTL,MKT0005,sheet; plate,producer,focal_market_member,core,outputs/company_text_v0.csv; data/GSE580_theta_data.csv; outputs/company_peers_top5.csv,2026-05-28,0.91,Company text identifies hot and cold rolled steel sheet and discrete plate production
ASG000061,ENT000785,CLF,MKT0005,sheet; plate; coated steel,producer,focal_market_member,core,outputs/company_text_v0.csv; data/GSE580_theta_data.csv; outputs/company_peers_top5.csv,2026-05-28,0.95,"Company text identifies the largest flat-rolled steel producer in North America with hot-rolled, coated, cold-rolled, and plate products"
ASG000062,ENT002679,NSEI:JSWSTEEL,MKT0005,HRC; CRC; galvanized; tinplate,producer,focal_market_member,core,outputs/company_text_v0.csv; data/GSE580_theta_data.csv; outputs/company_peers_top5.csv,2026-05-28,0.88,"Company text identifies flat steel products as the majority of revenue, with additional long and special steel exposure"
ASG000063,ENT002732,NUE,MKT0005,sheet; plate,producer,focal_market_member,core,outputs/company_text_v0.csv; data/GSE580_theta_data.csv; outputs/company_peers_top5.csv,2026-05-28,0.88,"Company text identifies diversified steel production including sheet and plate, plus long products and downstream fabrication"
ASG000064,ENT003457,SHSE:600019,MKT0005,hot-rolled; cold-rolled; coated sheet,producer,focal_market_member,core,outputs/company_text_v0.csv; data/GSE580_theta_data.csv; outputs/company_peers_top5.csv,2026-05-28,0.90,Company text identifies carbon steel hot/cold rolled coils and galvanized/coated sheets as majority revenue
ASG000065,ENT003658,STLD,MKT0005,hot-rolled; cold-rolled; coated,producer,focal_market_member,core,outputs/company_text_v0.csv; data/GSE580_theta_data.csv; outputs/company_peers_top5.csv,2026-05-28,0.88,"Company text identifies flat-rolled steel as majority of steel tons, with long products also material"
ASG000066,ENT004315,TX,MKT0005,hot-rolled; cold-rolled; galvanized,producer,focal_market_member,core,outputs/company_text_v0.csv; data/GSE580_theta_data.csv; outputs/company_peers_top5.csv,2026-05-28,0.88,"Company text identifies flat steel as the large majority of shipments, with long steel also present"
ASG000067,ENT003241,RS,MKT0005,steel service center,distributor,downstream_participant,important,outputs/company_text_v0.csv; data/GSE580_theta_data.csv; outputs/company_peers_top5.csv,2026-05-28,0.84,Company text identifies metals service centers distributing and processing carbon steel including flat rolled products
ASG000068,ENT003263,RYI,MKT0005,steel service center,distributor,downstream_participant,important,outputs/company_text_v0.csv; data/GSE580_theta_data.csv; outputs/company_peers_top5.csv,2026-05-28,0.82,Company text identifies metals service center with carbon flat-rolled products and processing services
ASG000069,ENT004541,WS,MKT0005,steel service center,distributor,downstream_participant,important,outputs/company_text_v0.csv; data/GSE580_theta_data.csv; outputs/company_peers_top5.csv,2026-05-28,0.82,Company text identifies carbon flat-rolled steel processing and electrical steel laminations; downstream processor rather than primary producer
ASG000070,ENT004632,XTRA:KCO,MKT0005,steel service center,distributor,downstream_participant,important,outputs/company_text_v0.csv; data/GSE580_theta_data.csv; outputs/company_peers_top5.csv,2026-05-28,0.82,"Company text identifies steel and metal distributor/service center with flat-roll, plate, and processing services"
ASG000071,ENT000587,BOVESPA:GGBR4,MKT0005,hot-rolled coil; plate,producer,focal_market_member,important,outputs/company_text_v0.csv; data/GSE580_theta_data.csv; outputs/company_peers_top5.csv,2026-05-28,0.74,Company text identifies flat steel products as a smaller part of a broader long and special steel portfolio; mixed exposure
ASG000072,ENT002039,KOSE:A005490,MKT0005,hot-rolled; cold-rolled; electrical; plate,producer,focal_market_member,important,outputs/company_text_v0.csv; data/GSE580_theta_data.csv; outputs/company_peers_top5.csv,2026-05-28,0.86,"Company text identifies POSCO steel products including hot-rolled, cold-rolled, electrical steel, stainless, and plates; holding company has non-steel exposure"
ASG000073,ENT002702,NSEI:TATASTEEL,MKT0005,hot-rolled; cold-rolled; galvanized,producer,focal_market_member,important,outputs/company_text_v0.csv; data/GSE580_theta_data.csv; outputs/company_peers_top5.csv,2026-05-28,0.86,"Company text identifies flat products as majority of product mix, with long products and tubes also present"
ASG000074,ENT004041,TSE:5401,MKT0005,hot-rolled; cold-rolled; coated; electrical,producer,focal_market_member,important,outputs/company_text_v0.csv; data/GSE580_theta_data.csv; outputs/company_peers_top5.csv,2026-05-28,0.86,Company text identifies flat products and broader steelmaking operations; long products also present
ASG000075,ENT000180,AMR,MKT0005,metallurgical coal; coke,raw_material_supplier,upstream_participant,important,outputs/company_text_v0.csv; data/GSE580_theta_data.csv; outputs/company_peers_top5.csv,2026-05-28,0.82,Company text identifies metallurgical coal sales to global steelmakers; upstream input mainly for blast furnace steelmaking
ASG000076,ENT003752,SXC,MKT0005,metallurgical coal; coke,raw_material_supplier,upstream_participant,important,outputs/company_text_v0.csv; data/GSE580_theta_data.csv; outputs/company_peers_top5.csv,2026-05-28,0.80,Company text identifies metallurgical coke supplied to integrated steel producers; upstream input mainly for blast furnace steelmaking
ASG000077,ENT000587,BOVESPA:GGBR4,MKT0006,rebar; structural; wire rod,producer,focal_market_member,core,outputs/company_text_v0.csv; data/GSE580_theta_data.csv; outputs/company_peers_top5.csv,2026-05-28,0.90,"Company text identifies long steel as majority of revenue, including rebar, structural shapes, bars, and wire rod"
ASG000078,ENT000800,CMC,MKT0006,rebar; merchant bar; structural,producer,focal_market_member,core,outputs/company_text_v0.csv; data/GSE580_theta_data.csv; outputs/company_peers_top5.csv,2026-05-28,0.94,"Company text identifies rebar, merchant bar, light structural, wire rod, and steel fabrication serving construction"
ASG000079,ENT002732,NUE,MKT0006,rebar; structural; merchant bar,producer,focal_market_member,core,outputs/company_text_v0.csv; data/GSE580_theta_data.csv; outputs/company_peers_top5.csv,2026-05-28,0.88,"Company text identifies bar, structural steel, rebar, joists, and deck alongside flat products"
ASG000080,ENT003532,SIM,MKT0006,structural; rebar; wire rod,producer,focal_market_member,core,outputs/company_text_v0.csv; data/GSE580_theta_data.csv; outputs/company_peers_top5.csv,2026-05-28,0.90,"Company text identifies structural steel, rebar, wire rod, and SBQ production"
ASG000081,ENT003658,STLD,MKT0006,structural; rebar; merchant bar,producer,focal_market_member,core,outputs/company_text_v0.csv; data/GSE580_theta_data.csv; outputs/company_peers_top5.csv,2026-05-28,0.88,"Company text identifies long products including structural beams, rail, rebar, and merchant bar alongside flat products"
ASG000082,ENT003241,RS,MKT0006,steel service center,distributor,downstream_participant,important,outputs/company_text_v0.csv; data/GSE580_theta_data.csv; outputs/company_peers_top5.csv,2026-05-28,0.80,"Company text identifies metal service center distributing structural, pipe/tube, and carbon steel products; downstream channel role"
ASG000083,ENT003263,RYI,MKT0006,steel service center,distributor,downstream_participant,important,outputs/company_text_v0.csv; data/GSE580_theta_data.csv; outputs/company_peers_top5.csv,2026-05-28,0.80,"Company text identifies service center selling bars, plates, structural, and tubing; downstream channel role"
ASG000084,ENT004632,XTRA:KCO,MKT0006,steel service center,distributor,downstream_participant,important,outputs/company_text_v0.csv; data/GSE580_theta_data.csv; outputs/company_peers_top5.csv,2026-05-28,0.80,"Company text identifies steel distributor/service center with long products including bar, tube, and structural products"
ASG000085,ENT002679,NSEI:JSWSTEEL,MKT0006,rebar; wire rod,producer,focal_market_member,important,outputs/company_text_v0.csv; data/GSE580_theta_data.csv; outputs/company_peers_top5.csv,2026-05-28,0.82,Company text identifies long steel products including TMT rebar and wire rod; flat products are larger
ASG000086,ENT002702,NSEI:TATASTEEL,MKT0006,rebar; wire rod; structural,producer,focal_market_member,important,outputs/company_text_v0.csv; data/GSE580_theta_data.csv; outputs/company_peers_top5.csv,2026-05-28,0.82,"Company text identifies long products including rebars, wire rods, and structural sections; flat products are larger"
ASG000087,ENT004041,TSE:5401,MKT0006,bars; shapes,producer,focal_market_member,important,outputs/company_text_v0.csv; data/GSE580_theta_data.csv; outputs/company_peers_top5.csv,2026-05-28,0.80,"Company text identifies long products including bars and shapes, but broader steel mix is diversified"
ASG000088,ENT004315,TX,MKT0006,rebar; wire rod; structural,producer,focal_market_member,important,outputs/company_text_v0.csv; data/GSE580_theta_data.csv; outputs/company_peers_top5.csv,2026-05-28,0.76,"Company text identifies long steel products including rebar, wire rod, and structural shapes, though flat steel dominates"
ASG000089,ENT000210,APA,MKT0007,oil-weighted,producer,focal_market_member,core,outputs/company_text_v0.csv; data/GSE580_theta_data.csv; outputs/company_peers_top5.csv,2026-05-28,0.92,"Company text identifies a mid-cap E&P company with Permian, Egypt, and North Sea production"
ASG000090,ENT000852,COP,MKT0007,oil and gas,producer,focal_market_member,core,outputs/company_text_v0.csv; data/GSE580_theta_data.csv; outputs/company_peers_top5.csv,2026-05-28,0.95,"Company text identifies the largest independent E&P company with crude oil, natural gas, and NGL production"
ASG000091,ENT000948,CTRA,MKT0007,mixed oil/gas,producer,focal_market_member,core,outputs/company_text_v0.csv; data/GSE580_theta_data.csv; outputs/company_peers_top5.csv,2026-05-28,0.92,"Company text identifies diversified E&P assets in Permian, Marcellus, and Anadarko with oil, gas, and NGL production"
ASG000092,ENT002430,MGY,MKT0007,oil-weighted shale,producer,focal_market_member,core,outputs/company_text_v0.csv; data/GSE580_theta_data.csv; outputs/company_peers_top5.csv,2026-05-28,0.90,Company text identifies an independent E&P focused on Eagle Ford and Austin Chalk production
ASG000093,ENT002691,NSEI:ONGC,MKT0007,oil and gas,producer,focal_market_member,core,outputs/company_text_v0.csv; data/GSE580_theta_data.csv; outputs/company_peers_top5.csv,2026-05-28,0.90,Company text identifies upstream E&P revenue from crude oil and natural gas
ASG000094,ENT003389,SEHK:883,MKT0007,offshore,producer,focal_market_member,core,outputs/company_text_v0.csv; data/GSE580_theta_data.csv; outputs/company_peers_top5.csv,2026-05-28,0.91,Company text identifies a major offshore oil and gas producer
ASG000095,ENT003565,SM,MKT0007,shale,producer,focal_market_member,core,outputs/company_text_v0.csv; data/GSE580_theta_data.csv; outputs/company_peers_top5.csv,2026-05-28,0.90,"Company text identifies a mid-cap E&P company operating in Midland Basin, Eagle Ford/Austin Chalk, and Uinta Basin"
ASG000096,ENT004217,TSX:CNQ,MKT0007,oil and gas,producer,focal_market_member,core,outputs/company_text_v0.csv; data/GSE580_theta_data.csv; outputs/company_peers_top5.csv,2026-05-28,0.91,"Company text identifies a large oil and gas producer with heavy oil, synthetic crude, light oil, gas, and offshore assets"
ASG000097,ENT003551,SLB,MKT0007,oilfield services,service_provider,upstream_participant,core,outputs/company_text_v0.csv; data/GSE580_theta_data.csv; outputs/company_peers_top5.csv,2026-05-28,0.90,Company text identifies oilfield services and technology for the global oil and gas industry
ASG000098,ENT001871,INVX,MKT0007,completion tools; subsea equipment,equipment_provider,upstream_participant,important,outputs/company_text_v0.csv; data/GSE580_theta_data.csv; outputs/company_peers_top5.csv,2026-05-28,0.82,"Company text identifies downhole completion tools, wellhead, and subsea production equipment sold to E&P operators"
ASG000099,ENT002627,NOV,MKT0007,drilling equipment,equipment_provider,upstream_participant,important,outputs/company_text_v0.csv; data/GSE580_theta_data.csv; outputs/company_peers_top5.csv,2026-05-28,0.84,"Company text identifies drilling rigs, wellbore technologies, completion and production equipment for E&P and drilling contractors"
ASG000100,ENT000554,BME:REP,MKT0007,integrated,producer,focal_market_member,important,outputs/company_text_v0.csv; data/GSE580_theta_data.csv; outputs/company_peers_top5.csv,2026-05-28,0.74,"Company text identifies upstream E&P production but company is integrated across refining, chemicals, customer, and low-carbon generation; human review useful"
ASG000101,ENT001303,ENXTPA:TTE,MKT0007,integrated,producer,focal_market_member,important,outputs/company_text_v0.csv; data/GSE580_theta_data.csv; outputs/company_peers_top5.csv,2026-05-28,0.74,"Company text identifies upstream E&P and LNG exposure but company is integrated across refining, chemicals, fuel retail, and power; human review useful"
ASG000102,ENT002584,NFG,MKT0007,gas-weighted integrated,producer,focal_market_member,important,outputs/company_text_v0.csv; data/GSE580_theta_data.csv; outputs/company_peers_top5.csv,2026-05-28,0.76,Company text identifies integrated upstream and gathering earnings with utility and pipeline segments; human review useful
ASG000103,ENT002927,OXY,MKT0007,oil-weighted integrated,producer,focal_market_member,important,outputs/company_text_v0.csv; data/GSE580_theta_data.csv; outputs/company_peers_top5.csv,2026-05-28,0.82,"Company text identifies primarily upstream oil and gas EBITDA but also midstream, chemicals, and low-carbon exposure"
ASG000104,ENT003414,SET:PTT,MKT0007,integrated,producer,focal_market_member,important,outputs/company_text_v0.csv; data/GSE580_theta_data.csv; outputs/company_peers_top5.csv,2026-05-28,0.68,Company text identifies upstream E&P revenue within an integrated energy conglomerate; human review useful
ASG000105,ENT003459,SHSE:600028,MKT0007,integrated,producer,focal_market_member,important,outputs/company_text_v0.csv; data/GSE580_theta_data.csv; outputs/company_peers_top5.csv,2026-05-28,0.68,Company text identifies oil and gas production but refining and marketing dominate; human review useful
ASG000106,ENT003488,SHSE:601857,MKT0007,oil and gas,producer,focal_market_member,important,outputs/company_text_v0.csv; data/GSE580_theta_data.csv; outputs/company_peers_top5.csv,2026-05-28,0.86,Company text identifies a large oil and gas producer with integrated energy operations
ASG000107,ENT000246,AROC,MKT0007,compression services,service_provider,upstream_participant,important,outputs/company_text_v0.csv; data/GSE580_theta_data.csv; outputs/company_peers_top5.csv,2026-05-28,0.80,Company text identifies natural gas contract compression services for midstream and upstream oil and gas customers
ASG000108,ENT000515,BKR,MKT0007,oilfield services,service_provider,upstream_participant,important,outputs/company_text_v0.csv; data/GSE580_theta_data.csv; outputs/company_peers_top5.csv,2026-05-28,0.84,"Company text identifies oilfield services and equipment for drilling, completions, production, and subsea operations"
ASG000109,ENT000582,BORR,MKT0007,contract drilling,service_provider,upstream_participant,important,outputs/company_text_v0.csv; data/GSE580_theta_data.csv; outputs/company_peers_top5.csv,2026-05-28,0.82,Company text identifies offshore jack-up drilling services for oil and gas customers
ASG000110,ENT001659,HAL,MKT0007,oilfield services,service_provider,upstream_participant,important,outputs/company_text_v0.csv; data/GSE580_theta_data.csv; outputs/company_peers_top5.csv,2026-05-28,0.88,Company text identifies oilfield services to the upstream oil and gas industry
ASG000111,ENT002118,LBRT,MKT0007,pressure pumping,service_provider,upstream_participant,important,outputs/company_text_v0.csv; data/GSE580_theta_data.csv; outputs/company_peers_top5.csv,2026-05-28,0.84,Company text identifies hydraulic fracturing and completion services for onshore oil and gas producers
ASG000112,ENT002559,NBR,MKT0007,contract drilling,service_provider,upstream_participant,important,outputs/company_text_v0.csv; data/GSE580_theta_data.csv; outputs/company_peers_top5.csv,2026-05-28,0.84,Company text identifies onshore drilling services and drilling technology for E&P operators
ASG000113,ENT002568,NE,MKT0007,offshore drilling,service_provider,upstream_participant,important,outputs/company_text_v0.csv; data/GSE580_theta_data.csv; outputs/company_peers_top5.csv,2026-05-28,0.84,Company text identifies offshore drilling contractor serving oil and gas producers
ASG000114,ENT004504,WFRD,MKT0007,oilfield services,service_provider,upstream_participant,important,outputs/company_text_v0.csv; data/GSE580_theta_data.csv; outputs/company_peers_top5.csv,2026-05-28,0.86,"Company text identifies well construction, completions, production optimization, and digital oilfield services"
ASG000115,ENT002006,KMI,MKT0007,pipeline; storage,transport_operator,downstream_participant,important,outputs/company_text_v0.csv; data/GSE580_theta_data.csv; outputs/company_peers_top5.csv,2026-05-28,0.84,"Company text identifies pipelines and terminals transporting natural gas, crude, products, and related infrastructure downstream of E&P"
ASG000116,ENT002174,LNG,MKT0007,LNG export,transport_operator,downstream_participant,important,outputs/company_text_v0.csv; data/GSE580_theta_data.csv; outputs/company_peers_top5.csv,2026-05-28,0.80,Company text identifies LNG liquefaction and export infrastructure; downstream of natural gas production rather than E&P producer
ASG000117,ENT002487,MPLX,MKT0007,pipeline; gathering; processing,transport_operator,downstream_participant,important,outputs/company_text_v0.csv; data/GSE580_theta_data.csv; outputs/company_peers_top5.csv,2026-05-28,0.84,"Company text identifies crude, product, natural gas, and NGL pipelines, gathering, processing, and fractionation"
ASG000118,ENT003938,TRGP,MKT0007,gathering; processing; NGL transport,transport_operator,downstream_participant,important,outputs/company_text_v0.csv; data/GSE580_theta_data.csv; outputs/company_peers_top5.csv,2026-05-28,0.84,"Company text identifies gathering, processing, transportation, fractionation, storage, and marketing services for gas, NGLs, and crude"
ASG000119,ENT004525,WMB,MKT0007,natural gas pipeline,transport_operator,downstream_participant,important,outputs/company_text_v0.csv; data/GSE580_theta_data.csv; outputs/company_peers_top5.csv,2026-05-28,0.84,"Company text identifies natural gas pipeline, gathering, processing, transportation, and storage infrastructure"
