exposure_id,entity_id,ticker,market_id,submarket,exposure_type,exposure_weight,weight_basis,source,as_of_date,confidence_score,notes
EXP0001,ENT000160,AMAT,MKT0001,DRAM equipment customer exposure,task3_multi_market_estimate,0.25,Text-supported estimate from Task 3 memory-equipment assignment notes,outputs/entity_market_labels_v0.csv; outputs/company_text_v0.csv; data/GSE580_theta_data.csv; outputs/market_definitions_v0.csv,2026-05-28,medium,Task 3 assigns AMAT to memory as an upstream equipment provider tied to advanced DRAM and memory node transitions; weight captures memory-specific demand within broader semiconductor equipment exposure.
EXP0002,ENT000160,AMAT,MKT0002,deposition; etch; CMP,task3_multi_market_estimate,0.75,Text-supported estimate from Task 3 focal equipment assignment notes,outputs/entity_market_labels_v0.csv; outputs/company_text_v0.csv; data/GSE580_theta_data.csv; outputs/market_definitions_v0.csv,2026-05-28,medium,Task 3 assigns AMAT as a core semiconductor equipment provider across deposition etch CMP ion implant and inspection/metrology; this broader tool-market role receives the majority weight.
EXP0003,ENT000263,ASML,MKT0001,lithography sold to memory manufacturers,task3_multi_market_estimate,0.25,Text-supported estimate from Task 3 memory-equipment assignment notes,outputs/entity_market_labels_v0.csv; outputs/company_text_v0.csv; data/GSE580_theta_data.csv; outputs/market_definitions_v0.csv,2026-05-28,medium,Task 3 notes lithography systems sold to memory manufacturers including SK Hynix and Micron; memory exposure is meaningful but only part of ASML demand.
EXP0004,ENT000263,ASML,MKT0002,lithography,task3_multi_market_estimate,0.75,Text-supported estimate from Task 3 focal equipment assignment notes,outputs/entity_market_labels_v0.csv; outputs/company_text_v0.csv; data/GSE580_theta_data.csv; outputs/market_definitions_v0.csv,2026-05-28,medium,Task 3 identifies ASML as a core EUV and DUV lithography supplier for semiconductor manufacturing, so MKT0002 receives the larger share.
EXP0005,ENT001993,KLAC,MKT0001,inspection and metrology for NAND HBM and packaging,task3_multi_market_estimate,0.25,Text-supported estimate from Task 3 memory-equipment assignment notes,outputs/entity_market_labels_v0.csv; outputs/company_text_v0.csv; data/GSE580_theta_data.csv; outputs/market_definitions_v0.csv,2026-05-28,medium,Task 3 ties KLAC process control demand to 3D NAND HBM and advanced packaging; memory is a material customer segment but not the whole company.
EXP0006,ENT001993,KLAC,MKT0002,inspection; metrology,task3_multi_market_estimate,0.75,Text-supported estimate from Task 3 focal equipment assignment notes,outputs/entity_market_labels_v0.csv; outputs/company_text_v0.csv; data/GSE580_theta_data.csv; outputs/market_definitions_v0.csv,2026-05-28,medium,Task 3 assigns KLAC as a core process control and yield management equipment supplier across semiconductor manufacturing.
EXP0007,ENT001996,KLIC,MKT0001,DRAM and NAND assembly equipment,task3_multi_market_estimate,0.30,Text-supported estimate from Task 3 memory-equipment assignment notes,outputs/entity_market_labels_v0.csv; outputs/company_text_v0.csv; data/GSE580_theta_data.csv; outputs/market_definitions_v0.csv,2026-05-28,medium,Task 3 identifies DRAM ball bonding and NAND wire bonding leadership, so memory-related exposure is somewhat higher than for broad wafer-fab tool makers.
EXP0008,ENT001996,KLIC,MKT0002,assembly; packaging,task3_multi_market_estimate,0.70,Text-supported estimate from Task 3 focal equipment assignment notes,outputs/entity_market_labels_v0.csv; outputs/company_text_v0.csv; data/GSE580_theta_data.csv; outputs/market_definitions_v0.csv,2026-05-28,medium,Task 3 identifies semiconductor assembly technology and advanced packaging equipment, making MKT0002 the primary market exposure.
EXP0009,ENT000587,BOVESPA:GGBR4,MKT0005,hot-rolled coil; plate,task3_multi_market_estimate,0.25,Text-supported estimate from Task 3 steel product mix notes,outputs/entity_market_labels_v0.csv; outputs/company_text_v0.csv; data/GSE580_theta_data.csv; outputs/market_definitions_v0.csv,2026-05-28,medium,Task 3 says flat steel products are a smaller part of a broader long and special steel portfolio, so flat-rolled exposure is minority-weighted.
EXP0010,ENT000587,BOVESPA:GGBR4,MKT0006,rebar; structural; wire rod,task3_multi_market_estimate,0.75,Text-supported estimate from Task 3 steel product mix notes,outputs/entity_market_labels_v0.csv; outputs/company_text_v0.csv; data/GSE580_theta_data.csv; outputs/market_definitions_v0.csv,2026-05-28,medium,Task 3 identifies long steel as majority revenue including rebar structural shapes bars and wire rod, so MKT0006 receives the larger weight.
EXP0011,ENT002679,NSEI:JSWSTEEL,MKT0005,HRC; CRC; galvanized; tinplate,task3_multi_market_estimate,0.75,Text-supported estimate from Task 3 steel product mix notes,outputs/entity_market_labels_v0.csv; outputs/company_text_v0.csv; data/GSE580_theta_data.csv; outputs/market_definitions_v0.csv,2026-05-28,medium,Task 3 identifies flat steel products as the majority of revenue, with additional long and special steel exposure.
EXP0012,ENT002679,NSEI:JSWSTEEL,MKT0006,rebar; wire rod,task3_multi_market_estimate,0.25,Text-supported estimate from Task 3 steel product mix notes,outputs/entity_market_labels_v0.csv; outputs/company_text_v0.csv; data/GSE580_theta_data.csv; outputs/market_definitions_v0.csv,2026-05-28,medium,Task 3 notes long products including TMT rebar and wire rod but says flat products are larger.
EXP0013,ENT002702,NSEI:TATASTEEL,MKT0005,hot-rolled; cold-rolled; galvanized,task3_multi_market_estimate,0.70,Text-supported estimate from Task 3 steel product mix notes,outputs/entity_market_labels_v0.csv; outputs/company_text_v0.csv; data/GSE580_theta_data.csv; outputs/market_definitions_v0.csv,2026-05-28,medium,Task 3 identifies flat products as the majority of product mix, with long products and tubes also present.
EXP0014,ENT002702,NSEI:TATASTEEL,MKT0006,rebar; wire rod; structural,task3_multi_market_estimate,0.30,Text-supported estimate from Task 3 steel product mix notes,outputs/entity_market_labels_v0.csv; outputs/company_text_v0.csv; data/GSE580_theta_data.csv; outputs/market_definitions_v0.csv,2026-05-28,medium,Task 3 identifies long products including rebars wire rods and structural sections, but flat products are larger.
EXP0015,ENT002732,NUE,MKT0005,sheet; plate,task3_multi_market_estimate,0.55,Text-supported estimate from Task 3 diversified steel notes,outputs/entity_market_labels_v0.csv; outputs/company_text_v0.csv; data/GSE580_theta_data.csv; outputs/market_definitions_v0.csv,2026-05-28,medium,Task 3 identifies diversified steel production including sheet and plate plus long products and downstream fabrication; flat products receive a slight majority estimate.
EXP0016,ENT002732,NUE,MKT0006,rebar; structural; merchant bar,task3_multi_market_estimate,0.45,Text-supported estimate from Task 3 diversified steel notes,outputs/entity_market_labels_v0.csv; outputs/company_text_v0.csv; data/GSE580_theta_data.csv; outputs/market_definitions_v0.csv,2026-05-28,medium,Task 3 identifies bar structural steel rebar joists and deck alongside flat products, so long steel receives a material minority estimate.
EXP0017,ENT003241,RS,MKT0005,flat rolled distribution and processing,task3_multi_market_estimate,0.55,Text-supported estimate from Task 3 service-center notes,outputs/entity_market_labels_v0.csv; outputs/company_text_v0.csv; data/GSE580_theta_data.csv; outputs/market_definitions_v0.csv,2026-05-28,medium,Task 3 identifies metals service centers distributing and processing carbon steel including flat rolled products.
EXP0018,ENT003241,RS,MKT0006,structural and carbon steel distribution,task3_multi_market_estimate,0.45,Text-supported estimate from Task 3 service-center notes,outputs/entity_market_labels_v0.csv; outputs/company_text_v0.csv; data/GSE580_theta_data.csv; outputs/market_definitions_v0.csv,2026-05-28,medium,Task 3 identifies structural pipe/tube and carbon steel distribution; downstream channel role supports a near-balanced long steel exposure.
EXP0019,ENT003263,RYI,MKT0005,carbon flat-rolled products and processing,task3_multi_market_estimate,0.50,Text-supported estimate from Task 3 service-center notes,outputs/entity_market_labels_v0.csv; outputs/company_text_v0.csv; data/GSE580_theta_data.csv; outputs/market_definitions_v0.csv,2026-05-28,medium,Task 3 identifies carbon flat-rolled products and processing services, but also broad long product distribution.
EXP0020,ENT003263,RYI,MKT0006,bars plates structural and tubing distribution,task3_multi_market_estimate,0.50,Text-supported estimate from Task 3 service-center notes,outputs/entity_market_labels_v0.csv; outputs/company_text_v0.csv; data/GSE580_theta_data.csv; outputs/market_definitions_v0.csv,2026-05-28,medium,Task 3 identifies bars plates structural and tubing service-center activity, supporting an even split with flat-rolled exposure in v0.
EXP0021,ENT003658,STLD,MKT0005,hot-rolled; cold-rolled; coated,task3_multi_market_estimate,0.60,Text-supported estimate from Task 3 diversified steel notes,outputs/entity_market_labels_v0.csv; outputs/company_text_v0.csv; data/GSE580_theta_data.csv; outputs/market_definitions_v0.csv,2026-05-28,medium,Task 3 identifies flat-rolled steel as the majority of steel tons, with long products also material.
EXP0022,ENT003658,STLD,MKT0006,structural; rebar; merchant bar,task3_multi_market_estimate,0.40,Text-supported estimate from Task 3 diversified steel notes,outputs/entity_market_labels_v0.csv; outputs/company_text_v0.csv; data/GSE580_theta_data.csv; outputs/market_definitions_v0.csv,2026-05-28,medium,Task 3 identifies long products including structural beams rail rebar and merchant bar alongside flat products.
EXP0023,ENT004041,TSE:5401,MKT0005,hot-rolled; cold-rolled; coated; electrical,task3_multi_market_estimate,0.70,Text-supported estimate from Task 3 diversified steel notes,outputs/entity_market_labels_v0.csv; outputs/company_text_v0.csv; data/GSE580_theta_data.csv; outputs/market_definitions_v0.csv,2026-05-28,medium,Task 3 identifies flat products and broader steelmaking operations; flat exposure is estimated as the majority.
EXP0024,ENT004041,TSE:5401,MKT0006,bars; shapes,task3_multi_market_estimate,0.30,Text-supported estimate from Task 3 diversified steel notes,outputs/entity_market_labels_v0.csv; outputs/company_text_v0.csv; data/GSE580_theta_data.csv; outputs/market_definitions_v0.csv,2026-05-28,medium,Task 3 identifies long products including bars and shapes, but broader steel mix is diversified and flat exposure appears larger.
EXP0025,ENT004315,TX,MKT0005,hot-rolled; cold-rolled; galvanized,task3_multi_market_estimate,0.75,Text-supported estimate from Task 3 steel shipment mix notes,outputs/entity_market_labels_v0.csv; outputs/company_text_v0.csv; data/GSE580_theta_data.csv; outputs/market_definitions_v0.csv,2026-05-28,medium,Task 3 identifies flat steel as the large majority of shipments, with long steel also present.
EXP0026,ENT004315,TX,MKT0006,rebar; wire rod; structural,task3_multi_market_estimate,0.25,Text-supported estimate from Task 3 steel shipment mix notes,outputs/entity_market_labels_v0.csv; outputs/company_text_v0.csv; data/GSE580_theta_data.csv; outputs/market_definitions_v0.csv,2026-05-28,medium,Task 3 identifies long steel products including rebar wire rod and structural shapes, though flat steel dominates.
EXP0027,ENT004632,XTRA:KCO,MKT0005,flat-roll plate and processing services,task3_multi_market_estimate,0.50,Text-supported estimate from Task 3 service-center notes,outputs/entity_market_labels_v0.csv; outputs/company_text_v0.csv; data/GSE580_theta_data.csv; outputs/market_definitions_v0.csv,2026-05-28,medium,Task 3 identifies flat-roll plate and processing services alongside long products in a distributor/service-center role.
EXP0028,ENT004632,XTRA:KCO,MKT0006,bar tube and structural distribution,task3_multi_market_estimate,0.50,Text-supported estimate from Task 3 service-center notes,outputs/entity_market_labels_v0.csv; outputs/company_text_v0.csv; data/GSE580_theta_data.csv; outputs/market_definitions_v0.csv,2026-05-28,medium,Task 3 identifies long products including bar tube and structural products; v0 uses an even split because evidence is mixed.
