value_chain_link_id,market_id,role_category,role_description,direction,related_role_category,relationship_type,relationship_description,source,as_of_date,confidence_score,notes
VCL0001,MKT0001,manufacturer,"Memory chip manufacturer producing DRAM, NAND, NOR, or high-bandwidth memory components",focal,enterprise_customer,defines_market,"Defines the focal market by selling memory components to device, server, storage, and electronics customers","WORK.md; market_definitions_v0.csv; analyst-defined v0 value-chain review",2026-05-24,0.88,"Use for focal memory producers; diversified chipmakers may also need non-memory assignments later"
VCL0002,MKT0001,equipment_provider,"Semiconductor fabrication and test equipment provider serving memory fabs",upstream,manufacturer,supplies_input_to,"Provides production equipment needed for memory capacity additions and node transitions","WORK.md; market_definitions_v0.csv; analyst-defined v0 value-chain review",2026-05-24,0.86,"Overlaps with MKT0002 as a separate focal equipment market"
VCL0003,MKT0001,component_supplier,"Specialty materials, wafers, gases, and process consumables used in memory manufacturing",upstream,manufacturer,supplies_input_to,"Supplies materials and consumables required for memory chip fabrication","WORK.md; market_definitions_v0.csv; analyst-defined v0 value-chain review",2026-05-24,0.78,"Materials suppliers should not be treated as memory manufacturers"
VCL0004,MKT0001,service_provider,"Electronic design automation, IP, outsourced assembly, and testing services supporting memory products",upstream,manufacturer,supplies_service_to,"Provides design, packaging, assembly, or testing support around memory production","WORK.md; market_definitions_v0.csv; analyst-defined v0 value-chain review",2026-05-24,0.76,"Use only when services are materially tied to memory products"
VCL0005,MKT0001,enterprise_customer,"Data center, server, PC, smartphone, automotive, and electronics manufacturers buying memory components",downstream,manufacturer,buys_from,"Purchases memory components as inputs into computing, storage, handset, automotive, and electronics products","WORK.md; market_definitions_v0.csv; analyst-defined v0 value-chain review",2026-05-24,0.84,"Customers are demand drivers, not focal market members"
VCL0006,MKT0001,distributor,"Electronics distributors and channel partners reselling memory components",downstream,manufacturer,distributes_for,"Connects memory manufacturers with smaller OEMs, contract manufacturers, and aftermarket buyers","WORK.md; market_definitions_v0.csv; analyst-defined v0 value-chain review",2026-05-24,0.72,"Distributor role should be separate from manufacturing role"
VCL0007,MKT0001,substitute_provider,"Storage, alternative memory, and system architecture providers that can reduce memory demand intensity",substitute,manufacturer,substitutes_for,"Provides partial substitutes or demand-reducing alternatives to memory components","WORK.md; market_definitions_v0.csv; analyst-defined v0 value-chain review",2026-05-24,0.70,"Substitutes are economic alternatives, not upstream suppliers"
VCL0008,MKT0002,equipment_provider,"Semiconductor manufacturing equipment maker selling process, inspection, lithography, test, or packaging tools",focal,manufacturer,defines_market,"Defines the focal market by selling capital equipment used to manufacture semiconductors","WORK.md; market_definitions_v0.csv; analyst-defined v0 value-chain review",2026-05-24,0.90,"Use for equipment and tool vendors, not semiconductor device makers"
VCL0009,MKT0002,component_supplier,"Precision components, subsystems, lasers, optics, vacuum, motion control, and specialty parts used in semiconductor tools",upstream,equipment_provider,supplies_input_to,"Supplies specialized components and subsystems used by equipment manufacturers","WORK.md; market_definitions_v0.csv; analyst-defined v0 value-chain review",2026-05-24,0.82,"Some component suppliers may serve many industrial markets"
VCL0010,MKT0002,raw_material_supplier,"Metals, ceramics, specialty materials, and gases used in equipment construction and operation",upstream,equipment_provider,supplies_input_to,"Provides raw and specialty materials required to build or operate semiconductor equipment","WORK.md; market_definitions_v0.csv; analyst-defined v0 value-chain review",2026-05-24,0.70,"Keep broad materials suppliers separate unless semiconductor equipment exposure is material"
VCL0011,MKT0002,service_provider,"Installation, maintenance, field service, process support, and software services for semiconductor tools",upstream,equipment_provider,supplies_service_to,"Provides specialized support services that help equipment providers install, maintain, and optimize semiconductor tools","WORK.md; market_definitions_v0.csv; analyst-defined v0 value-chain review",2026-05-24,0.78,"Can be internal to equipment manufacturers or provided by specialized service firms"
VCL0012,MKT0002,enterprise_customer,"Semiconductor fabs, foundries, memory manufacturers, and integrated device manufacturers buying production tools",downstream,equipment_provider,buys_from,"Purchases manufacturing equipment for fab capacity, node migration, and process improvement","WORK.md; market_definitions_v0.csv; analyst-defined v0 value-chain review",2026-05-24,0.88,"Customer role includes memory, logic, analog, and foundry operators"
VCL0013,MKT0002,regulator_or_policy_body,"Export-control, industrial-policy, and national-security authorities affecting semiconductor equipment trade",policy,equipment_provider,regulates,"Shapes where advanced equipment can be sold and which customers can access leading tools","WORK.md; market_definitions_v0.csv; analyst-defined v0 value-chain review",2026-05-24,0.80,"Policy role is material because export restrictions can reshape demand"
VCL0014,MKT0002,substitute_provider,"Used equipment, process redesign, outsourcing, or lower-capex production alternatives",substitute,equipment_provider,substitutes_for,"Can delay, reduce, or replace new equipment purchases in some customer situations","WORK.md; market_definitions_v0.csv; analyst-defined v0 value-chain review",2026-05-24,0.68,"Substitute relationship is partial and cycle-dependent"
VCL0015,MKT0003,transport_operator,"Ocean container liner operator providing scheduled containerized freight capacity",focal,enterprise_customer,defines_market,"Defines the focal market by operating vessels and selling container freight capacity","WORK.md; market_definitions_v0.csv; analyst-defined v0 value-chain review",2026-05-24,0.88,"Do not include bulk or tanker operators unless container liner exposure is material"
VCL0016,MKT0003,equipment_provider,"Container shipbuilders, container lessors, vessel equipment suppliers, and port handling equipment providers",upstream,transport_operator,supplies_input_to,"Provides vessels, boxes, and physical equipment needed to operate container shipping networks","WORK.md; market_definitions_v0.csv; analyst-defined v0 value-chain review",2026-05-24,0.78,"Shipbuilding and container leasing are upstream roles, not focal liner operation"
VCL0017,MKT0003,service_provider,"Port terminal operators, bunker fuel providers, crewing, maintenance, insurance, and maritime services",upstream,transport_operator,supplies_service_to,"Provides operating services and infrastructure support for liner networks","WORK.md; market_definitions_v0.csv; analyst-defined v0 value-chain review",2026-05-24,0.80,"Terminal operators may also be downstream bottlenecks depending on market context"
VCL0018,MKT0003,distributor,"Freight forwarders, non-vessel-operating common carriers, and logistics intermediaries buying or reselling container capacity",downstream,transport_operator,distributes_for,"Aggregates shipper demand and channels freight volumes onto liner networks","WORK.md; market_definitions_v0.csv; analyst-defined v0 value-chain review",2026-05-24,0.82,"Forwarders are not focal operators unless they operate vessels"
VCL0019,MKT0003,enterprise_customer,"Retailers, manufacturers, wholesalers, and importers/exporters shipping containerized goods",downstream,transport_operator,buys_from,"Purchases container shipping capacity to move traded goods through global supply chains","WORK.md; market_definitions_v0.csv; analyst-defined v0 value-chain review",2026-05-24,0.86,"Demand tied to goods trade, inventory cycles, and route balance"
VCL0020,MKT0003,regulator_or_policy_body,"Maritime regulators, port authorities, customs agencies, sanctions authorities, and emissions-rule bodies",policy,transport_operator,regulates,"Shapes route access, port operations, fuel rules, trade compliance, and vessel emissions requirements","WORK.md; market_definitions_v0.csv; analyst-defined v0 value-chain review",2026-05-24,0.78,"Regulatory impact is meaningful but varies by lane"
VCL0021,MKT0003,substitute_provider,"Air freight, rail intermodal, trucking, short-sea shipping, or inventory substitution alternatives",substitute,transport_operator,substitutes_for,"Can substitute for container shipping depending on distance, speed, cost, and cargo value","WORK.md; market_definitions_v0.csv; analyst-defined v0 value-chain review",2026-05-24,0.78,"Substitutes are partial and lane-specific"
VCL0022,MKT0004,manufacturer,"Tire manufacturer producing consumer, commercial, off-road, replacement, or original-equipment tires",focal,enterprise_customer,defines_market,"Defines the focal market by manufacturing tires for vehicle and fleet applications","WORK.md; market_definitions_v0.csv; analyst-defined v0 value-chain review",2026-05-24,0.76,"Retained as client-priority market despite limited local cluster support"
VCL0023,MKT0004,raw_material_supplier,"Natural rubber, synthetic rubber, carbon black, steel cord, fabric, and chemical input suppliers",upstream,manufacturer,supplies_input_to,"Provides commodity and specialty inputs used in tire production","WORK.md; market_definitions_v0.csv; analyst-defined v0 value-chain review",2026-05-24,0.82,"Input cost exposure can be important for margins"
VCL0024,MKT0004,equipment_provider,"Tire production equipment, molds, testing equipment, and plant automation suppliers",upstream,manufacturer,supplies_input_to,"Provides manufacturing equipment required to produce and test tires","WORK.md; market_definitions_v0.csv; analyst-defined v0 value-chain review",2026-05-24,0.72,"Usually not central for company assignment unless exposure is clear"
VCL0025,MKT0004,distributor,"Tire wholesalers, dealers, auto-service chains, and retail channels selling replacement tires",downstream,manufacturer,distributes_for,"Connects tire manufacturers with replacement-market customers and fleets","WORK.md; market_definitions_v0.csv; analyst-defined v0 value-chain review",2026-05-24,0.84,"Distribution role is important because replacement demand differs from original equipment"
VCL0026,MKT0004,enterprise_customer,"Automakers, truck fleets, aircraft operators, mining operators, and commercial vehicle operators buying tires",downstream,manufacturer,buys_from,"Purchases tires for original equipment, fleet operation, or specialty vehicle use","WORK.md; market_definitions_v0.csv; analyst-defined v0 value-chain review",2026-05-24,0.82,"Separate OEM and replacement demand in later assignment notes if useful"
VCL0027,MKT0004,consumer_end_market,"Households and individual drivers buying replacement tires through retail and service channels",downstream,distributor,buys_from,"Creates replacement tire demand through vehicle ownership, miles driven, and wear cycles","WORK.md; market_definitions_v0.csv; analyst-defined v0 value-chain review",2026-05-24,0.78,"Consumers are downstream demand, not focal manufacturers"
VCL0028,MKT0004,substitute_provider,"Retread providers, mobility alternatives, and lower-mileage behavior reducing replacement tire demand",substitute,manufacturer,substitutes_for,"Can reduce new tire demand in specific commercial or consumer use cases","WORK.md; market_definitions_v0.csv; analyst-defined v0 value-chain review",2026-05-24,0.66,"Substitution is partial and varies by vehicle type"
VCL0029,MKT0005,producer,"Flat-rolled steel producer making sheet, plate, coated sheet, or other flat steel products",focal,enterprise_customer,defines_market,"Defines the focal market by producing flat steel products for industrial and construction customers","WORK.md; market_definitions_v0.csv; analyst-defined v0 value-chain review",2026-05-24,0.82,"Integrated producers may also produce long steel or raw materials"
VCL0030,MKT0005,raw_material_supplier,"Iron ore, scrap, metallurgical coal, alloy, energy, and electrode suppliers",upstream,producer,supplies_input_to,"Provides raw materials and energy inputs needed for flat steel production","WORK.md; market_definitions_v0.csv; analyst-defined v0 value-chain review",2026-05-24,0.84,"Input mix differs between blast furnace and electric arc furnace producers"
VCL0031,MKT0005,equipment_provider,"Steelmaking, rolling mill, coating line, and plant automation equipment providers",upstream,producer,supplies_input_to,"Provides capital equipment for melting, casting, rolling, coating, and processing flat steel","WORK.md; market_definitions_v0.csv; analyst-defined v0 value-chain review",2026-05-24,0.72,"Equipment providers are upstream and usually outside focal steel production"
VCL0032,MKT0005,distributor,"Steel service centers and processors cutting, coating, storing, or reselling flat steel",downstream,producer,distributes_for,"Bridges steel producers and smaller industrial customers through inventory, processing, and distribution","WORK.md; market_definitions_v0.csv; analyst-defined v0 value-chain review",2026-05-24,0.84,"Service centers can be important but should not be confused with producers"
VCL0033,MKT0005,enterprise_customer,"Automotive, appliance, construction, energy, machinery, and industrial manufacturers buying flat steel",downstream,producer,buys_from,"Purchases flat steel as a production input for durable goods, construction, and industrial applications","WORK.md; market_definitions_v0.csv; analyst-defined v0 value-chain review",2026-05-24,0.86,"Demand sensitivity varies by end market"
VCL0034,MKT0005,regulator_or_policy_body,"Trade, tariff, environmental, and industrial-policy authorities affecting steel economics",policy,producer,regulates,"Shapes import competition, emissions costs, domestic capacity, and regional price formation","WORK.md; market_definitions_v0.csv; analyst-defined v0 value-chain review",2026-05-24,0.80,"Policy role is material because steel markets are trade-sensitive"
VCL0035,MKT0005,substitute_provider,"Aluminum, plastics, composites, imported steel, and fabricated alternatives",substitute,producer,substitutes_for,"Can replace or cap demand for flat steel in selected customer applications","WORK.md; market_definitions_v0.csv; analyst-defined v0 value-chain review",2026-05-24,0.74,"Substitutes differ by application and performance requirements"
VCL0036,MKT0006,producer,"Long steel producer making rebar, structural sections, merchant bar, or wire rod for construction markets",focal,enterprise_customer,defines_market,"Defines the focal market by producing construction-oriented long steel products","WORK.md; market_definitions_v0.csv; analyst-defined v0 value-chain review",2026-05-24,0.82,"Boundary intentionally separates long steel from flat steel"
VCL0037,MKT0006,raw_material_supplier,"Scrap, iron ore, billet, energy, alloys, and electrode suppliers for long steel production",upstream,producer,supplies_input_to,"Provides metallics, energy, and consumables needed to make rebar and structural steel","WORK.md; market_definitions_v0.csv; analyst-defined v0 value-chain review",2026-05-24,0.82,"Scrap supply is especially relevant for electric arc furnace long steel producers"
VCL0038,MKT0006,equipment_provider,"Mini-mill, rolling mill, casting, fabrication, and plant automation equipment providers",upstream,producer,supplies_input_to,"Provides capital equipment used to produce long steel products","WORK.md; market_definitions_v0.csv; analyst-defined v0 value-chain review",2026-05-24,0.70,"Equipment role is useful but not usually central for company assignment"
VCL0039,MKT0006,distributor,"Steel service centers, reinforcing bar fabricators, construction distributors, and stockholders",downstream,producer,distributes_for,"Processes, inventories, fabricates, or resells long steel into construction projects","WORK.md; market_definitions_v0.csv; analyst-defined v0 value-chain review",2026-05-24,0.84,"Fabricators may be downstream channel participants rather than producers"
VCL0040,MKT0006,enterprise_customer,"Construction contractors, infrastructure developers, engineering firms, and public works buyers",downstream,producer,buys_from,"Purchases long steel products for buildings, bridges, concrete reinforcement, and infrastructure","WORK.md; market_definitions_v0.csv; analyst-defined v0 value-chain review",2026-05-24,0.86,"Demand tied to construction and infrastructure cycles"
VCL0041,MKT0006,regulator_or_policy_body,"Building-code, infrastructure-spending, trade, and environmental-policy authorities",policy,producer,regulates,"Shapes product standards, public demand, import competition, and emissions costs","WORK.md; market_definitions_v0.csv; analyst-defined v0 value-chain review",2026-05-24,0.78,"Policy role is relevant through codes, trade rules, and public infrastructure budgets"
VCL0042,MKT0006,substitute_provider,"Concrete systems, engineered wood, imported long steel, and prefabricated construction alternatives",substitute,producer,substitutes_for,"Can replace or reduce demand for domestic rebar and structural steel in selected applications","WORK.md; market_definitions_v0.csv; analyst-defined v0 value-chain review",2026-05-24,0.72,"Substitution is project-specific"
VCL0043,MKT0007,producer,"Oil and gas exploration and production operator developing and producing crude oil, natural gas, or natural gas liquids",focal,enterprise_customer,defines_market,"Defines the focal market by exploring for, developing, and producing hydrocarbons","WORK.md; market_definitions_v0.csv; analyst-defined v0 value-chain review",2026-05-24,0.86,"Integrated majors may need separate downstream assignments later"
VCL0044,MKT0007,equipment_provider,"Drilling rigs, production equipment, completion tools, pumps, compressors, and field equipment providers",upstream,producer,supplies_input_to,"Provides equipment needed to drill, complete, lift, and process hydrocarbons at the field level","WORK.md; market_definitions_v0.csv; analyst-defined v0 value-chain review",2026-05-24,0.82,"Equipment providers are upstream, not focal E&P operators"
VCL0045,MKT0007,service_provider,"Seismic, drilling, completion, pressure pumping, field services, and engineering service providers",upstream,producer,supplies_service_to,"Provides specialized services required for exploration, development, and production operations","WORK.md; market_definitions_v0.csv; analyst-defined v0 value-chain review",2026-05-24,0.84,"Oilfield services should be separate from E&P producers"
VCL0046,MKT0007,raw_material_supplier,"Mineral-rights owners, acreage holders, water suppliers, proppant suppliers, and chemical input providers",upstream,producer,supplies_input_to,"Provides access rights or field inputs needed for upstream development and production","WORK.md; market_definitions_v0.csv; analyst-defined v0 value-chain review",2026-05-24,0.72,"Mineral ownership and field consumables vary by basin"
VCL0047,MKT0007,transport_operator,"Midstream pipeline, gathering, processing, storage, and export infrastructure operators",downstream,producer,distributes_for,"Moves, processes, stores, or exports produced oil, gas, and natural gas liquids from E&P operators to customers","WORK.md; market_definitions_v0.csv; analyst-defined v0 value-chain review",2026-05-24,0.84,"Midstream is downstream of E&P but can also be a separate market"
VCL0048,MKT0007,enterprise_customer,"Refiners, LNG buyers, utilities, industrial users, petrochemical plants, and commodity traders",downstream,producer,buys_from,"Purchases produced hydrocarbons for refining, power, heating, industrial feedstock, or resale","WORK.md; market_definitions_v0.csv; analyst-defined v0 value-chain review",2026-05-24,0.84,"Customers depend on commodity type and region"
VCL0049,MKT0007,regulator_or_policy_body,"Leasing, environmental, safety, royalty, tax, and production-policy authorities",policy,producer,regulates,"Shapes drilling access, permitting, fiscal terms, emissions obligations, and production constraints","WORK.md; market_definitions_v0.csv; analyst-defined v0 value-chain review",2026-05-24,0.84,"Policy role is material for basin economics and project timing"
VCL0050,MKT0007,substitute_provider,"Renewable power, energy efficiency, electrification, coal, nuclear, and imported hydrocarbon alternatives",substitute,producer,substitutes_for,"Can reduce or displace demand for oil and gas in power, heating, transport, or industrial uses","WORK.md; market_definitions_v0.csv; analyst-defined v0 value-chain review",2026-05-24,0.74,"Substitution differs sharply between oil, gas, power, and transport end uses"
