entity_id,ticker,market_id,market_name,submarket,value_chain_role,assignment_type,relevance_tier,exposure_weight,exposure_type,weight_basis,rev_q0,rev_q1,rev_q2,rev_q3,rev_q4,rev_q5,rev_q6,rev_q7,rev_q8,rev_q9,rev_q10,rev_q11,source,as_of_date,confidence_score,notes
ENT000160,AMAT,MKT0001,Memory Semiconductors,DRAM,equipment_provider,upstream_participant,important,0.25,task3_multi_market_estimate,Text-supported estimate from Task 3 memory-equipment assignment notes,7012.0,6800.0,7302.0,7100.0,7166.0,7045.0,6778.0,6646.0,6707.0,6723.0,6425.0,6630.0,outputs/company_text_v0.csv; data/GSE580_theta_data.csv; outputs/company_peers_top5.csv,2026-05-28,0.84,Company text ties wafer fab equipment demand to advanced DRAM and memory node transitions
ENT000263,ASML,MKT0001,Memory Semiconductors,lithography,equipment_provider,upstream_participant,important,0.25,task3_multi_market_estimate,Text-supported estimate from Task 3 memory-equipment assignment notes,11410.23835,8788.58747,8788.58747,9011.95079,8385.50693,9589.81261,8336.83153,6688.95318,5707.19603,7999.33679,7062.87045,7535.26201,outputs/company_text_v0.csv; data/GSE580_theta_data.csv; outputs/company_peers_top5.csv,2026-05-28,0.82,Company text identifies lithography systems sold to memory manufacturers including SK Hynix and Micron
ENT001843,IMOS,MKT0001,Memory Semiconductors,OSAT,service_provider,upstream_participant,important,1.0,default_assignment_weight,no exposure row; assignment treated as full exposure for demo.,207.66435,201.537,196.13726,166.26591,164.72199,191.05346,178.8327,169.47781,186.87293,173.44801,174.6647,150.95831,outputs/company_text_v0.csv; data/GSE580_theta_data.csv; outputs/company_peers_top5.csv,2026-05-28,0.84,Company text identifies memory chip testing and packaging for DRAM and flash
ENT001993,KLAC,MKT0001,Memory Semiconductors,inspection; metrology,equipment_provider,upstream_participant,important,0.25,task3_multi_market_estimate,Text-supported estimate from Task 3 memory-equipment assignment notes,3297.146,3209.696,3174.741,3063.029,3076.851,2841.541,2568.735,2359.83,2486.726,2396.956,2355.137,2432.608,outputs/company_text_v0.csv; data/GSE580_theta_data.csv; outputs/company_peers_top5.csv,2026-05-28,0.83,"Company text ties process control demand to 3D NAND, HBM, and advanced packaging"
ENT001996,KLIC,MKT0001,Memory Semiconductors,assembly equipment,equipment_provider,upstream_participant,important,0.3,task3_multi_market_estimate,Text-supported estimate from Task 3 memory-equipment assignment notes,199.625,177.558,148.413,161.986,166.124,181.319,181.65,172.074,171.189,202.32,190.917,173.021,outputs/company_text_v0.csv; data/GSE580_theta_data.csv; outputs/company_peers_top5.csv,2026-05-28,0.83,Company text identifies DRAM ball bonding and NAND wire bonding equipment leadership
ENT002034,KOSE:A000660,MKT0001,Memory Semiconductors,HBM,manufacturer,focal_market_member,core,1.0,default_assignment_weight,no exposure row; assignment treated as full exposure for demo.,22740.69669,17403.84786,16426.98925,11977.66467,13380.9583,13379.73056,11918.17768,9248.62771,8718.2741,6734.787,5547.0654,3902.31656,outputs/company_text_v0.csv; data/GSE580_theta_data.csv; outputs/company_peers_top5.csv,2026-05-28,0.94,Company text identifies a memory semiconductor company and HBM leadership
ENT002041,KOSE:A005930,MKT0001,Memory Semiconductors,DRAM; NAND; HBM,manufacturer,focal_market_member,important,0.35,single_market_with_out_of_scope_estimate,Text-supported estimate from Task 3 diversified memory-company notes,64984.15736,61262.62429,55096.38053,53739.48802,51301.57184,60223.95451,53750.55201,53511.03231,52265.27553,50071.41093,45559.50096,48889.3848,outputs/company_text_v0.csv; data/GSE580_theta_data.csv; outputs/company_peers_top5.csv,2026-05-28,0.78,"Diversified electronics company; memory segment lists DRAM, NAND, and HBM but non-memory exposure is material"
ENT002529,MU,MKT0001,Memory Semiconductors,DRAM; NAND; NOR,manufacturer,focal_market_member,core,1.0,default_assignment_weight,no exposure row; assignment treated as full exposure for demo.,23860.0,13643.0,11315.0,9301.0,8053.0,8709.0,7750.0,6811.0,5824.0,4726.0,4010.0,3752.0,outputs/company_text_v0.csv; data/GSE580_theta_data.csv; outputs/company_peers_top5.csv,2026-05-28,0.95,"Company text identifies memory and storage semiconductor solutions manufacturing DRAM, NAND flash, and NOR flash"
ENT003214,RMBS,MKT0001,Memory Semiconductors,memory interface,component_supplier,upstream_participant,important,1.0,default_assignment_weight,no exposure row; assignment treated as full exposure for demo.,190.244,178.513,172.209,166.664,161.102,145.513,132.138,117.871,122.225,105.298,119.832,113.762,outputs/company_text_v0.csv; data/GSE580_theta_data.csv; outputs/company_peers_top5.csv,2026-05-28,0.78,Company text identifies memory interface chips and HBM/GDDR IP; not a memory manufacturer
ENT003533,SIMO,MKT0001,Memory Semiconductors,NAND controller,component_supplier,upstream_participant,important,1.0,default_assignment_weight,no exposure row; assignment treated as full exposure for demo.,278.461,241.999,198.675,166.492,191.16,212.412,210.67,189.311,202.379,172.333,140.361,124.069,outputs/company_text_v0.csv; data/GSE580_theta_data.csv; outputs/company_peers_top5.csv,2026-05-28,0.78,Company text identifies NAND flash controllers for solid-state storage; upstream to memory/storage ecosystem
ENT003587,SNDK,MKT0001,Memory Semiconductors,NAND,manufacturer,focal_market_member,important,0.7,single_market_with_out_of_scope_estimate,Text-supported estimate from Task 3 NAND and finished-storage notes,3025.0,2308.0,1901.0,1695.0,1876.0,1883.0,1760.0,1705.0,1665.0,1533.0,1365.736,1543.15,outputs/company_text_v0.csv; data/GSE580_theta_data.csv; outputs/company_peers_top5.csv,2026-05-28,0.74,"Company text identifies NAND flash manufacturing through Kioxia JV, but exposure includes finished storage devices; human review useful"
ENT003975,TSE:285A,MKT0001,Memory Semiconductors,NAND,manufacturer,focal_market_member,core,1.0,default_assignment_weight,no exposure row; assignment treated as full exposure for demo.,3467.29972,3029.59004,2375.99472,2317.85416,2861.96416,3356.79603,2663.70769,2129.4107,1858.65682,1616.20752,1736.69473,1844.53188,outputs/company_text_v0.csv; data/GSE580_theta_data.csv; outputs/company_peers_top5.csv,2026-05-28,0.93,Company text identifies a NAND flash memory manufacturer
ENT004295,TWSE:2408,MKT0001,Memory Semiconductors,DRAM,manufacturer,focal_market_member,core,1.0,default_assignment_weight,no exposure row; assignment treated as full exposure for demo.,1534.92806,958.33443,616.02375,359.9403,216.02272,200.58249,256.05595,305.39442,297.21755,284.09093,240.40939,225.45064,outputs/company_text_v0.csv; data/GSE580_theta_data.csv; outputs/company_peers_top5.csv,2026-05-28,0.91,Company text identifies specialty DRAM manufacturing and niche memory products
ENT004314,TWSE:6239,MKT0001,Memory Semiconductors,OSAT,service_provider,upstream_participant,important,1.0,default_assignment_weight,no exposure row; assignment treated as full exposure for demo.,681.70928,655.04275,617.56347,465.64693,521.58111,576.24924,602.92064,573.26121,621.24982,573.3055,552.39495,515.98126,outputs/company_text_v0.csv; data/GSE580_theta_data.csv; outputs/company_peers_top5.csv,2026-05-28,0.85,Company text identifies memory IC packaging and testing with DRAM and NAND exposure
ENT000037,ACLS,MKT0002,Semiconductor Manufacturing Equipment,ion implantation,equipment_provider,focal_market_member,core,1.0,default_assignment_weight,no exposure row; assignment treated as full exposure for demo.,238.33,213.611,194.544,192.563,252.417,256.564,256.512,252.372,310.288,292.326,273.97,254.02,outputs/company_text_v0.csv; data/GSE580_theta_data.csv; outputs/company_peers_top5.csv,2026-05-28,0.91,Company text identifies ion implantation equipment for semiconductor fabrication
ENT000039,ACMR,MKT0002,Semiconductor Manufacturing Equipment,cleaning; electroplating,equipment_provider,focal_market_member,core,1.0,default_assignment_weight,no exposure row; assignment treated as full exposure for demo.,244.43,269.16,215.372,172.347,223.471,203.976,202.48,152.191,170.321,168.569,144.577,74.256,outputs/company_text_v0.csv; data/GSE580_theta_data.csv; outputs/company_peers_top5.csv,2026-05-28,0.89,"Company text identifies wafer processing tools for cleaning, electroplating, furnace, track, and advanced packaging"
ENT000071,AEHR,MKT0002,Semiconductor Manufacturing Equipment,test,equipment_provider,focal_market_member,core,1.0,default_assignment_weight,no exposure row; assignment treated as full exposure for demo.,10.313,9.884,10.969,14.089,18.307,13.453,13.119,16.6,7.563,21.431,20.624,22.269,outputs/company_text_v0.csv; data/GSE580_theta_data.csv; outputs/company_peers_top5.csv,2026-05-28,0.88,Company text identifies semiconductor test and burn-in equipment
ENT000073,AEIS,MKT0002,Semiconductor Manufacturing Equipment,power subsystems,component_supplier,upstream_participant,important,1.0,default_assignment_weight,no exposure row; assignment treated as full exposure for demo.,489.4,463.3,441.5,404.6,415.4,374.2,364.9,327.5,405.271,409.991,415.508,425.04,outputs/company_text_v0.csv; data/GSE580_theta_data.csv; outputs/company_peers_top5.csv,2026-05-28,0.80,Company text identifies RF and DC power supplies for semiconductor etch and deposition; supplier to equipment OEMs
ENT000160,AMAT,MKT0002,Semiconductor Manufacturing Equipment,deposition; etch; CMP,equipment_provider,focal_market_member,core,0.75,task3_multi_market_estimate,Text-supported estimate from Task 3 focal equipment assignment notes,7012.0,6800.0,7302.0,7100.0,7166.0,7045.0,6778.0,6646.0,6707.0,6723.0,6425.0,6630.0,outputs/company_text_v0.csv; data/GSE580_theta_data.csv; outputs/company_peers_top5.csv,2026-05-28,0.94,"Company text identifies semiconductor systems for deposition, etch, CMP, ion implant, and inspection/metrology"
ENT000263,ASML,MKT0002,Semiconductor Manufacturing Equipment,lithography,equipment_provider,focal_market_member,core,0.75,task3_multi_market_estimate,Text-supported estimate from Task 3 focal equipment assignment notes,11410.23835,8788.58747,8788.58747,9011.95079,8385.50693,9589.81261,8336.83153,6688.95318,5707.19603,7999.33679,7062.87045,7535.26201,outputs/company_text_v0.csv; data/GSE580_theta_data.csv; outputs/company_peers_top5.csv,2026-05-28,0.95,Company text identifies EUV and DUV lithography systems for semiconductor manufacturing
ENT000679,CAMT,MKT0002,Semiconductor Manufacturing Equipment,inspection; metrology,equipment_provider,focal_market_member,core,1.0,default_assignment_weight,no exposure row; assignment treated as full exposure for demo.,128.124,125.993,123.317,118.638,117.293,112.34,102.591,97.01,88.69,80.47,73.758,72.457,outputs/company_text_v0.csv; data/GSE580_theta_data.csv; outputs/company_peers_top5.csv,2026-05-28,0.90,Company text identifies inspection and metrology equipment for semiconductor industry
ENT000841,COHU,MKT0002,Semiconductor Manufacturing Equipment,test; inspection,equipment_provider,focal_market_member,core,1.0,default_assignment_weight,no exposure row; assignment treated as full exposure for demo.,122.23,126.249,107.68,96.797,94.122,95.342,104.701,107.614,137.226,150.804,168.921,179.371,outputs/company_text_v0.csv; data/GSE580_theta_data.csv; outputs/company_peers_top5.csv,2026-05-28,0.88,"Company text identifies semiconductor test equipment, handlers, ATE, inspection, and metrology systems"
ENT001463,FORM,MKT0002,Semiconductor Manufacturing Equipment,test; metrology,equipment_provider,focal_market_member,core,1.0,default_assignment_weight,no exposure row; assignment treated as full exposure for demo.,215.163,202.676,195.798,171.356,189.483,207.917,197.474,168.725,168.163,171.575,155.916,167.448,outputs/company_text_v0.csv; data/GSE580_theta_data.csv; outputs/company_peers_top5.csv,2026-05-28,0.89,Company text identifies wafer probe cards and metrology/inspection systems used during semiconductor manufacturing
ENT001805,ICHR,MKT0002,Semiconductor Manufacturing Equipment,fluid delivery subsystems,component_supplier,upstream_participant,important,1.0,default_assignment_weight,no exposure row; assignment treated as full exposure for demo.,223.606,239.296,240.285,244.465,233.291,211.139,203.227,201.383,203.481,196.761,185.008,225.87,outputs/company_text_v0.csv; data/GSE580_theta_data.csv; outputs/company_peers_top5.csv,2026-05-28,0.82,Company text identifies critical fluid delivery subsystems and precision components for semiconductor capital equipment
ENT001993,KLAC,MKT0002,Semiconductor Manufacturing Equipment,inspection; metrology,equipment_provider,focal_market_member,core,0.75,task3_multi_market_estimate,Text-supported estimate from Task 3 focal equipment assignment notes,3297.146,3209.696,3174.741,3063.029,3076.851,2841.541,2568.735,2359.83,2486.726,2396.956,2355.137,2432.608,outputs/company_text_v0.csv; data/GSE580_theta_data.csv; outputs/company_peers_top5.csv,2026-05-28,0.94,Company text identifies process control and yield management equipment for semiconductor manufacturing
ENT001996,KLIC,MKT0002,Semiconductor Manufacturing Equipment,assembly; packaging,equipment_provider,focal_market_member,core,0.7,task3_multi_market_estimate,Text-supported estimate from Task 3 focal equipment assignment notes,199.625,177.558,148.413,161.986,166.124,181.319,181.65,172.074,171.189,202.32,190.917,173.021,outputs/company_text_v0.csv; data/GSE580_theta_data.csv; outputs/company_peers_top5.csv,2026-05-28,0.88,Company text identifies semiconductor assembly technology and advanced packaging equipment
ENT002199,LRCX,MKT0002,Semiconductor Manufacturing Equipment,etch; deposition; clean,equipment_provider,focal_market_member,core,1.0,default_assignment_weight,no exposure row; assignment treated as full exposure for demo.,5344.791,5324.173,5171.393,4720.175,4376.047,4167.976,3871.507,3793.558,3758.259,3482.062,3207.257,3869.569,outputs/company_text_v0.csv; data/GSE580_theta_data.csv; outputs/company_peers_top5.csv,2026-05-28,0.94,"Company text identifies wafer fabrication equipment for etch, deposition, and clean systems"
ENT002451,MKSI,MKT0002,Semiconductor Manufacturing Equipment,vacuum; gas delivery,component_supplier,upstream_participant,important,1.0,default_assignment_weight,no exposure row; assignment treated as full exposure for demo.,1033.0,988.0,973.0,936.0,934.0,896.0,887.0,868.0,892.0,932.0,1003.0,794.0,outputs/company_text_v0.csv; data/GSE580_theta_data.csv; outputs/company_peers_top5.csv,2026-05-28,0.82,"Company text identifies vacuum, gas delivery, plasma, optical metrology, and photonics subsystems for semiconductor manufacturing"
ENT002740,NVMI,MKT0002,Semiconductor Manufacturing Equipment,metrology,equipment_provider,focal_market_member,core,1.0,default_assignment_weight,no exposure row; assignment treated as full exposure for demo.,222.624,224.608,219.989,213.356,194.766,178.974,156.858,141.798,134.219,128.808,122.702,132.193,outputs/company_text_v0.csv; data/GSE580_theta_data.csv; outputs/company_peers_top5.csv,2026-05-28,0.90,Company text identifies metrology and process control solutions for semiconductor manufacturing
ENT002887,ONTO,MKT0002,Semiconductor Manufacturing Equipment,inspection; metrology; lithography,equipment_provider,focal_market_member,core,1.0,default_assignment_weight,no exposure row; assignment treated as full exposure for demo.,266.866,218.193,253.597,266.607,263.939,252.21,242.327,228.846,218.856,207.185,190.662,199.165,outputs/company_text_v0.csv; data/GSE580_theta_data.csv; outputs/company_peers_top5.csv,2026-05-28,0.90,"Company text identifies metrology, inspection, and lithography solutions across the semiconductor value chain"
ENT003866,TER,MKT0002,Semiconductor Manufacturing Equipment,test,equipment_provider,focal_market_member,core,0.85,single_market_with_out_of_scope_estimate,Text-supported estimate from Task 3 semiconductor test and robotics notes,1083.337,769.21,651.797,685.68,752.884,737.298,729.879,599.819,670.599,703.732,684.437,617.529,outputs/company_text_v0.csv; data/GSE580_theta_data.csv; outputs/company_peers_top5.csv,2026-05-28,0.87,Company text identifies automated test equipment for semiconductors; robotics exposure is non-core
ENT004329,UCTT,MKT0002,Semiconductor Manufacturing Equipment,equipment components,component_supplier,upstream_participant,important,1.0,default_assignment_weight,no exposure row; assignment treated as full exposure for demo.,506.7,510.0,518.8,518.6,563.3,540.4,516.1,477.7,444.7,435.0,421.5,433.3,outputs/company_text_v0.csv; data/GSE580_theta_data.csv; outputs/company_peers_top5.csv,2026-05-28,0.80,Company text identifies outsourced components tied to wafer fab equipment spending; upstream to tool OEMs
ENT004394,VECO,MKT0002,Semiconductor Manufacturing Equipment,annealing; deposition; lithography,equipment_provider,focal_market_member,core,1.0,default_assignment_weight,no exposure row; assignment treated as full exposure for demo.,165.017,165.881,166.104,167.292,182.131,184.807,175.879,174.484,173.924,177.366,161.641,153.504,outputs/company_text_v0.csv; data/GSE580_theta_data.csv; outputs/company_peers_top5.csv,2026-05-28,0.88,"Company text identifies semiconductor process equipment including laser annealing, ion beam deposition, MOCVD, wet processing, and packaging lithography"
ENT000763,CHRW,MKT0003,Container Shipping,,distributor,downstream_participant,peripheral,1.0,default_assignment_weight,no exposure row; assignment treated as full exposure for demo.,3912.634,4136.846,4136.543,4046.74,4184.656,4644.641,4483.348,4412.311,4221.887,4341.03,4421.856,4611.67,outputs/company_text_v0.csv; data/GSE580_theta_data.csv; outputs/company_peers_top5.csv,2026-05-28,0.78,"Company text identifies ocean freight and freight forwarding; downstream intermediary, not vessel operator"
ENT000812,CMRE,MKT0003,Container Shipping,,equipment_provider,upstream_participant,important,1.0,default_assignment_weight,no exposure row; assignment treated as full exposure for demo.,211.972,225.168,217.895,446.226,224.005,225.745,0.0,475.43,494.847,400.37,367.42,248.769,outputs/company_text_v0.csv; data/GSE580_theta_data.csv; outputs/company_peers_top5.csv,2026-05-28,0.78,Company text identifies containership owner with container vessels; upstream vessel capacity rather than liner service
ENT000877,CPSE:DSV,MKT0003,Container Shipping,,distributor,downstream_participant,important,1.0,default_assignment_weight,no exposure row; assignment treated as full exposure for demo.,11269.66709,11308.33811,9758.09043,6039.03058,6040.70821,6594.97616,5913.17518,5545.16619,5416.99662,5045.99777,5529.94515,5972.57406,outputs/company_text_v0.csv; data/GSE580_theta_data.csv; outputs/company_peers_top5.csv,2026-05-28,0.82,"Company text identifies largest freight forwarder following DB Schenker acquisition; downstream intermediary, not vessel operator"
ENT000882,CPSE:MAERSK B,MKT0003,Container Shipping,,transport_operator,focal_market_member,core,1.0,default_assignment_weight,no exposure row; assignment treated as full exposure for demo.,13331.0,14206.0,13130.0,13321.0,14594.0,15762.0,12771.0,12355.0,11741.0,12129.0,12988.0,14207.0,outputs/company_text_v0.csv; data/GSE580_theta_data.csv; outputs/company_peers_top5.csv,2026-05-28,0.93,Company text identifies one of the world largest container shipping lines operating vessels and logistics
ENT000904,CRGO,MKT0003,Container Shipping,,distributor,downstream_participant,peripheral,1.0,default_assignment_weight,no exposure row; assignment treated as full exposure for demo.,7.405,7.672,7.438,6.945,6.587,6.185,5.658,5.355,5.258,5.107,5.093,4.823,outputs/company_text_v0.csv; data/GSE580_theta_data.csv; outputs/company_peers_top5.csv,2026-05-28,0.74,Company text identifies digital booking platform for international container shipping and Freightos Baltic Index; peripheral channel role
ENT000998,DAC,MKT0003,Container Shipping,,equipment_provider,upstream_participant,important,1.0,default_assignment_weight,no exposure row; assignment treated as full exposure for demo.,266.265,260.73,262.154,253.307,258.179,256.176,246.306,253.449,249.315,239.215,241.479,243.574,outputs/company_text_v0.csv; data/GSE580_theta_data.csv; outputs/company_peers_top5.csv,2026-05-28,0.78,Company text identifies container vessel chartering as majority revenue; not a direct liner operator
ENT001010,DB:DHL,MKT0003,Container Shipping,,distributor,downstream_participant,important,1.0,default_assignment_weight,no exposure row; assignment treated as full exposure for demo.,26617.35354,23616.09762,22951.26248,22797.23302,24111.19164,22966.76332,21816.13629,22148.02028,24185.91798,20531.32939,21650.65503,23011.73402,outputs/company_text_v0.csv; data/GSE580_theta_data.csv; outputs/company_peers_top5.csv,2026-05-28,0.82,"Company text identifies global freight forwarding and supply chain logistics; downstream intermediary, not vessel operator"
ENT001332,ESEA,MKT0003,Container Shipping,,equipment_provider,upstream_participant,important,1.0,default_assignment_weight,no exposure row; assignment treated as full exposure for demo.,57.38733,56.90642,57.23372,56.3461,53.30819,54.14616,58.72459,46.71837,49.05895,50.66623,47.69559,41.93662,outputs/company_text_v0.csv; data/GSE580_theta_data.csv; outputs/company_peers_top5.csv,2026-05-28,0.78,Company text identifies feeder and intermediate containerships chartered to liner companies; upstream vessel capacity rather than direct liner service
ENT001376,EXPD,MKT0003,Container Shipping,,distributor,downstream_participant,important,1.0,default_assignment_weight,no exposure row; assignment treated as full exposure for demo.,2855.954,2894.751,2651.885,2666.419,2954.705,3000.131,2439.001,2206.678,2277.768,2190.001,2239.752,2592.589,outputs/company_text_v0.csv; data/GSE580_theta_data.csv; outputs/company_peers_top5.csv,2026-05-28,0.82,Company text identifies global freight forwarding with air/ocean freight consolidation and customs brokerage
ENT001638,GSL,MKT0003,Container Shipping,,equipment_provider,upstream_participant,important,1.0,default_assignment_weight,no exposure row; assignment treated as full exposure for demo.,187.351,189.313,188.54,187.761,181.43,172.546,173.495,178.058,177.377,173.012,160.399,155.927,outputs/company_text_v0.csv; data/GSE580_theta_data.csv; outputs/company_peers_top5.csv,2026-05-28,0.78,Company text identifies containership owner and lessor; not a direct liner operator
ENT002374,MATX,MKT0003,Container Shipping,,transport_operator,focal_market_member,core,0.75,single_market_with_out_of_scope_estimate,Text-supported estimate from Task 3 ocean transportation and logistics notes,851.9,880.1,830.5,782.0,890.3,962.0,847.4,722.1,788.9,827.5,773.4,704.8,outputs/company_text_v0.csv; data/GSE580_theta_data.csv; outputs/company_peers_top5.csv,2026-05-28,0.84,"Company text identifies ocean transportation services including containerized freight on Hawaii, Alaska, Guam, and China routes; logistics exposure also present"
ENT003492,SHSE:601919,MKT0003,Container Shipping,,transport_operator,focal_market_member,core,1.0,default_assignment_weight,no exposure row; assignment treated as full exposure for demo.,7420.94497,8217.13162,7138.51939,7987.37947,8099.86859,10480.12439,7285.69696,6686.52643,5757.86866,5863.2387,6134.52279,6893.5826,outputs/company_text_v0.csv; data/GSE580_theta_data.csv; outputs/company_peers_top5.csv,2026-05-28,0.92,Company text identifies a major container shipping company by capacity with vessel and port-terminal operations
ENT004701,ZIM,MKT0003,Container Shipping,,transport_operator,focal_market_member,core,1.0,default_assignment_weight,no exposure row; assignment treated as full exposure for demo.,1484.7,1777.2,1635.7,2006.6,2167.6,2765.2,1932.6,1562.0,1205.3,1273.0,1309.6,1374.3,outputs/company_text_v0.csv; data/GSE580_theta_data.csv; outputs/company_peers_top5.csv,2026-05-28,0.90,Company text identifies container line services and direct shippers/freight-forwarder customers
ENT000700,CBT,MKT0004,Tire Manufacturing,carbon black; rubber additives,raw_material_supplier,upstream_participant,important,1.0,default_assignment_weight,no exposure row; assignment treated as full exposure for demo.,849.0,899.0,923.0,936.0,955.0,1001.0,1016.0,1019.0,958.0,965.0,968.0,1033.0,outputs/company_text_v0.csv; data/GSE580_theta_data.csv; outputs/company_peers_top5.csv,2026-05-28,0.82,"Company text identifies carbon black production, a reinforcing filler used in tires"
ENT001277,ENXTPA:ML,MKT0004,Tire Manufacturing,passenger; truck; specialty,manufacturer,focal_market_member,core,1.0,default_assignment_weight,no exposure row; assignment treated as full exposure for demo.,7610.66103,7605.3033,7650.02936,7040.63986,7098.04328,7646.66518,7222.22222,7272.08976,7883.27622,7548.68756,7685.04367,7648.30508,outputs/company_text_v0.csv; data/GSE580_theta_data.csv; outputs/company_peers_top5.csv,2026-05-28,0.93,"Company text identifies Michelin as a major tire manufacturer with automotive, road transportation, and specialties segments"
ENT001640,GT,MKT0004,Tire Manufacturing,passenger; truck; industrial,manufacturer,focal_market_member,core,1.0,default_assignment_weight,no exposure row; assignment treated as full exposure for demo.,4917.0,4645.0,4465.0,4253.0,4947.0,4824.0,4570.0,4537.0,5116.0,5142.0,4867.0,4941.0,outputs/company_text_v0.csv; data/GSE580_theta_data.csv; outputs/company_peers_top5.csv,2026-05-28,0.92,"Company text identifies Goodyear as a tire manufacturer producing tires for automobiles, trucks, buses, aircraft, and industrial equipment"
ENT002063,KOSE:A073240,MKT0004,Tire Manufacturing,passenger; truck,manufacturer,focal_market_member,core,1.0,default_assignment_weight,no exposure row; assignment treated as full exposure for demo.,803.63983,792.8143,902.37288,819.06574,839.8967,848.9319,821.43456,777.1976,818.0955,726.16377,762.35343,766.11814,outputs/company_text_v0.csv; data/GSE580_theta_data.csv; outputs/company_peers_top5.csv,2026-05-28,0.90,Company text identifies Kumho Tire as a tire manufacturer
ENT002471,MNRO,MKT0004,Tire Manufacturing,,distributor,downstream_participant,important,1.0,default_assignment_weight,no exposure row; assignment treated as full exposure for demo.,293.387,288.914,301.035,294.992,305.769,301.391,293.182,310.077,317.653,322.091,326.968,310.836,outputs/company_text_v0.csv; data/GSE580_theta_data.csv; outputs/company_peers_top5.csv,2026-05-28,0.82,Company text identifies automotive service and tire retail chain; downstream distribution rather than manufacturing
ENT002651,NSEI:BALKRISIND,MKT0004,Tire Manufacturing,off-highway,manufacturer,focal_market_member,important,0.85,single_market_with_out_of_scope_estimate,Text-supported estimate from Task 3 tire manufacturing and carbon black notes,304.57273,269.43435,321.81193,322.11659,299.17528,288.81211,325.63658,321.88731,273.23786,271.19814,263.12295,282.14655,outputs/company_text_v0.csv; data/GSE580_theta_data.csv; outputs/company_peers_top5.csv,2026-05-28,0.86,Company text identifies off-highway tire manufacturing with OEM and replacement exposure; also has carbon black business
ENT002811,OEC,MKT0004,Tire Manufacturing,carbon black; rubber additives,raw_material_supplier,upstream_participant,important,1.0,default_assignment_weight,no exposure row; assignment treated as full exposure for demo.,411.7,450.9,466.4,477.7,434.2,463.4,477.0,502.9,468.2,466.2,458.8,500.7,outputs/company_text_v0.csv; data/GSE580_theta_data.csv; outputs/company_peers_top5.csv,2026-05-28,0.82,Company text identifies carbon black as a critical reinforcing filler in tires
ENT004028,TSE:5101,MKT0004,Tire Manufacturing,consumer; commercial; off-highway,manufacturer,focal_market_member,core,1.0,default_assignment_weight,no exposure row; assignment treated as full exposure for demo.,2281.87101,2013.5821,2107.64793,1837.20664,1983.46269,1798.23971,1696.21922,1668.83086,2077.35404,1669.37365,1651.96948,1536.95819,outputs/company_text_v0.csv; data/GSE580_theta_data.csv; outputs/company_peers_top5.csv,2026-05-28,0.88,"Company text identifies tire products including consumer, commercial truck, and off-highway tires"
ENT004029,TSE:5105,MKT0004,Tire Manufacturing,passenger; truck,manufacturer,focal_market_member,core,1.0,default_assignment_weight,no exposure row; assignment treated as full exposure for demo.,1018.15188,1026.28574,1025.11856,904.92033,920.6844,1026.82466,907.23957,843.32423,1018.74257,962.52054,942.67735,971.60998,outputs/company_text_v0.csv; data/GSE580_theta_data.csv; outputs/company_peers_top5.csv,2026-05-28,0.90,Company text identifies Toyo Tire as a tire manufacturer
ENT004030,TSE:5108,MKT0004,Tire Manufacturing,passenger; truck; specialty,manufacturer,focal_market_member,core,1.0,default_assignment_weight,no exposure row; assignment treated as full exposure for demo.,7618.73342,7557.91986,7335.16345,7066.19839,7382.55319,7626.74545,6916.67601,7035.23883,7914.58639,7340.8092,7318.63632,7850.06848,outputs/company_text_v0.csv; data/GSE580_theta_data.csv; outputs/company_peers_top5.csv,2026-05-28,0.93,Company text identifies Bridgestone as a major tire manufacturer with tire-related plants
ENT004031,TSE:5110,MKT0004,Tire Manufacturing,passenger; truck,manufacturer,focal_market_member,core,1.0,default_assignment_weight,no exposure row; assignment treated as full exposure for demo.,2203.30633,1955.66563,1971.30508,1921.76203,2142.94621,2009.58382,1838.05777,1926.28352,2317.62446,1938.5184,1967.00909,2081.94293,outputs/company_text_v0.csv; data/GSE580_theta_data.csv; outputs/company_peers_top5.csv,2026-05-28,0.90,Company text identifies Sumitomo Rubber Industries as a tire manufacturer
ENT004604,XTRA:CON,MKT0004,Tire Manufacturing,tires; industrial rubber,manufacturer,focal_market_member,important,0.6,single_market_with_out_of_scope_estimate,Text-supported estimate from Task 3 tire and industrial rubber notes,5829.51744,5807.81415,5702.87728,5301.55642,5370.12113,5569.93085,5354.11979,5285.3598,11549.68498,10838.27266,11382.09607,11197.30552,outputs/company_text_v0.csv; data/GSE580_theta_data.csv; outputs/company_peers_top5.csv,2026-05-28,0.84,Company text identifies Continental tire manufacturing and industrial rubber products; diversified exposure
ENT004636,XTRA:LXS,MKT0004,Tire Manufacturing,carbon black; rubber additives,raw_material_supplier,upstream_participant,peripheral,0.3,single_market_with_out_of_scope_estimate,Text-supported estimate from Task 3 tire-additive and specialty-chemicals notes,1488.78713,1569.86976,1721.66765,1730.43666,1535.35563,1782.28865,1797.92135,1733.73611,1587.2665,1694.53853,1941.04804,2063.23338,outputs/company_text_v0.csv; data/GSE580_theta_data.csv; outputs/company_peers_top5.csv,2026-05-28,0.76,Company text identifies rubber additives sold to tire manufacturers; specialty chemicals exposure is broader
ENT000180,AMR,MKT0005,Flat-Rolled Steel,metallurgical coal; coke,raw_material_supplier,upstream_participant,important,1.0,default_assignment_weight,no exposure row; assignment treated as full exposure for demo.,520.472,526.778,550.274,531.957,617.347,671.897,803.969,864.072,959.991,741.82,858.371,911.235,outputs/company_text_v0.csv; data/GSE580_theta_data.csv; outputs/company_peers_top5.csv,2026-05-28,0.82,Company text identifies metallurgical coal sales to global steelmakers; upstream input mainly for blast furnace steelmaking
ENT000272,ASTL,MKT0005,Flat-Rolled Steel,sheet; plate,producer,focal_market_member,core,1.0,default_assignment_weight,no exposure row; assignment treated as full exposure for demo.,331.8455,376.12446,432.37576,359.75928,410.26104,444.35397,475.28587,458.30503,465.98972,541.56348,624.67905,500.66149,outputs/company_text_v0.csv; data/GSE580_theta_data.csv; outputs/company_peers_top5.csv,2026-05-28,0.91,Company text identifies hot and cold rolled steel sheet and discrete plate production
ENT000587,BOVESPA:GGBR4,MKT0005,Flat-Rolled Steel,hot-rolled coil; plate,producer,focal_market_member,important,0.25,task3_multi_market_estimate,Text-supported estimate from Task 3 steel product mix notes,3081.75436,3374.32787,3216.44215,3030.49376,2719.93792,3191.44054,2992.97806,3232.0333,3032.68883,3416.68329,3788.15978,3727.12609,outputs/company_text_v0.csv; data/GSE580_theta_data.csv; outputs/company_peers_top5.csv,2026-05-28,0.74,Company text identifies flat steel products as a smaller part of a broader long and special steel portfolio; mixed exposure
ENT000785,CLF,MKT0005,Flat-Rolled Steel,sheet; plate; coated steel,producer,focal_market_member,core,1.0,default_assignment_weight,no exposure row; assignment treated as full exposure for demo.,4313.0,4734.0,0.0,4629.0,4325.0,4569.0,5092.0,5199.0,5112.0,5605.0,5984.0,5295.0,outputs/company_text_v0.csv; data/GSE580_theta_data.csv; outputs/company_peers_top5.csv,2026-05-28,0.95,"Company text identifies the largest flat-rolled steel producer in North America with hot-rolled, coated, cold-rolled, and plate products"
ENT002039,KOSE:A005490,MKT0005,Flat-Rolled Steel,hot-rolled; cold-rolled; electrical; plate,producer,focal_market_member,important,0.75,single_market_with_out_of_scope_estimate,Text-supported estimate from Task 3 steel products and holding-company notes,11666.54062,12287.18597,12971.66552,11840.25093,12054.91967,13949.46843,13432.27187,13432.11311,14392.88952,14085.01579,15277.25145,14864.12567,outputs/company_text_v0.csv; data/GSE580_theta_data.csv; outputs/company_peers_top5.csv,2026-05-28,0.86,"Company text identifies POSCO steel products including hot-rolled, cold-rolled, electrical steel, stainless, and plates; holding company has non-steel exposure"
ENT002679,NSEI:JSWSTEEL,MKT0005,Flat-Rolled Steel,HRC; CRC; galvanized; tinplate,producer,focal_market_member,core,0.75,task3_multi_market_estimate,Text-supported estimate from Task 3 steel product mix notes,5118.26067,5082.83017,5030.8401,5245.2581,4835.03089,4736.55009,5151.52387,5553.26183,5038.49168,5366.21317,5143.77436,5718.64868,outputs/company_text_v0.csv; data/GSE580_theta_data.csv; outputs/company_peers_top5.csv,2026-05-28,0.88,"Company text identifies flat steel products as the majority of revenue, with additional long and special steel exposure"
ENT002702,NSEI:TATASTEEL,MKT0005,Flat-Rolled Steel,hot-rolled; cold-rolled; galvanized,producer,focal_market_member,important,0.7,task3_multi_market_estimate,Text-supported estimate from Task 3 steel product mix notes,6343.70076,6606.74376,6200.44542,6579.31897,6268.81888,6433.88668,6570.48001,7043.72255,6644.93198,6701.98066,7248.98462,7666.94195,outputs/company_text_v0.csv; data/GSE580_theta_data.csv; outputs/company_peers_top5.csv,2026-05-28,0.86,"Company text identifies flat products as majority of product mix, with long products and tubes also present"
ENT002732,NUE,MKT0005,Flat-Rolled Steel,sheet; plate,producer,focal_market_member,core,0.55,task3_multi_market_estimate,Text-supported estimate from Task 3 diversified steel notes,7687.0,8521.0,8456.0,7830.0,7076.0,7444.0,8077.0,8137.0,7705.03,8775.734,9523.256,8709.98,outputs/company_text_v0.csv; data/GSE580_theta_data.csv; outputs/company_peers_top5.csv,2026-05-28,0.88,"Company text identifies diversified steel production including sheet and plate, plus long products and downstream fabrication"
ENT003241,RS,MKT0005,Flat-Rolled Steel,,distributor,downstream_participant,important,0.55,task3_multi_market_estimate,Text-supported estimate from Task 3 service-center notes,3498.6,3651.2,3659.8,3484.7,3126.6,3420.3,3643.3,3644.8,3337.3,3623.0,3880.3,3965.3,outputs/company_text_v0.csv; data/GSE580_theta_data.csv; outputs/company_peers_top5.csv,2026-05-28,0.84,Company text identifies metals service centers distributing and processing carbon steel including flat rolled products
ENT003263,RYI,MKT0005,Flat-Rolled Steel,,distributor,downstream_participant,important,0.5,task3_multi_market_estimate,Text-supported estimate from Task 3 service-center notes,1104.8,1161.5,1169.3,1135.7,1007.4,1126.6,1225.5,1239.2,1112.4,1246.7,1343.5,1406.1,outputs/company_text_v0.csv; data/GSE580_theta_data.csv; outputs/company_peers_top5.csv,2026-05-28,0.82,Company text identifies metals service center with carbon flat-rolled products and processing services
ENT003457,SHSE:600019,MKT0005,Flat-Rolled Steel,hot-rolled; cold-rolled; coated sheet,producer,focal_market_member,core,1.0,default_assignment_weight,no exposure row; assignment treated as full exposure for demo.,11386.68476,10956.85797,10043.36252,10858.89599,11348.57577,11344.24198,11192.24722,12619.54069,11671.46464,12594.12123,11483.98914,13028.32265,outputs/company_text_v0.csv; data/GSE580_theta_data.csv; outputs/company_peers_top5.csv,2026-05-28,0.90,Company text identifies carbon steel hot/cold rolled coils and galvanized/coated sheets as majority revenue
ENT003658,STLD,MKT0005,Flat-Rolled Steel,hot-rolled; cold-rolled; coated,producer,focal_market_member,core,0.6,task3_multi_market_estimate,Text-supported estimate from Task 3 diversified steel notes,4414.048,4828.215,4565.123,4369.195,3872.138,4341.615,4632.634,4694.003,4233.423,4587.057,5081.63,4893.206,outputs/company_text_v0.csv; data/GSE580_theta_data.csv; outputs/company_peers_top5.csv,2026-05-28,0.88,"Company text identifies flat-rolled steel as majority of steel tons, with long products also material"
ENT003752,SXC,MKT0005,Flat-Rolled Steel,metallurgical coal; coke,raw_material_supplier,upstream_participant,important,1.0,default_assignment_weight,no exposure row; assignment treated as full exposure for demo.,480.2,487.0,434.1,436.0,486.0,490.1,470.9,488.4,520.6,520.4,534.4,487.8,outputs/company_text_v0.csv; data/GSE580_theta_data.csv; outputs/company_peers_top5.csv,2026-05-28,0.80,Company text identifies metallurgical coke supplied to integrated steel producers; upstream input mainly for blast furnace steelmaking
ENT004041,TSE:5401,MKT0005,Flat-Rolled Steel,hot-rolled; cold-rolled; coated; electrical,producer,focal_market_member,important,0.7,task3_multi_market_estimate,Text-supported estimate from Task 3 diversified steel notes,16714.77373,17750.63015,13922.96072,14310.89668,13819.88948,15274.08226,13623.19574,14718.72734,15815.56627,14813.90773,15214.4833,15149.65326,outputs/company_text_v0.csv; data/GSE580_theta_data.csv; outputs/company_peers_top5.csv,2026-05-28,0.86,Company text identifies flat products and broader steelmaking operations; long products also present
ENT004315,TX,MKT0005,Flat-Rolled Steel,hot-rolled; cold-rolled; galvanized,producer,focal_market_member,core,0.75,task3_multi_market_estimate,Text-supported estimate from Task 3 steel shipment mix notes,3774.785,3954.562,3946.939,3932.808,3876.255,4480.356,4514.152,4778.297,4930.739,5184.71,3871.272,3623.371,outputs/company_text_v0.csv; data/GSE580_theta_data.csv; outputs/company_peers_top5.csv,2026-05-28,0.88,"Company text identifies flat steel as the large majority of shipments, with long steel also present"
ENT004541,WS,MKT0005,Flat-Rolled Steel,,distributor,downstream_participant,important,1.0,default_assignment_weight,no exposure row; assignment treated as full exposure for demo.,769.8,871.9,872.9,832.9,687.4,739.0,834.0,911.0,805.8,808.0,905.8,884.0,outputs/company_text_v0.csv; data/GSE580_theta_data.csv; outputs/company_peers_top5.csv,2026-05-28,0.82,Company text identifies carbon flat-rolled steel processing and electrical steel laminations; downstream processor rather than primary producer
ENT004632,XTRA:KCO,MKT0005,Flat-Rolled Steel,,distributor,downstream_participant,important,0.5,task3_multi_market_estimate,Text-supported estimate from Task 3 service-center notes,1717.10109,1888.348,1929.29536,1801.01059,1536.84232,1835.96029,1890.61181,1874.1245,1775.3211,1859.11516,1915.15721,1998.80269,outputs/company_text_v0.csv; data/GSE580_theta_data.csv; outputs/company_peers_top5.csv,2026-05-28,0.82,"Company text identifies steel and metal distributor/service center with flat-roll, plate, and processing services"
ENT000587,BOVESPA:GGBR4,MKT0006,Rebar and Structural Steel,rebar; structural; wire rod,producer,focal_market_member,core,0.75,task3_multi_market_estimate,Text-supported estimate from Task 3 steel product mix notes,3081.75436,3374.32787,3216.44215,3030.49376,2719.93792,3191.44054,2992.97806,3232.0333,3032.68883,3416.68329,3788.15978,3727.12609,outputs/company_text_v0.csv; data/GSE580_theta_data.csv; outputs/company_peers_top5.csv,2026-05-28,0.90,"Company text identifies long steel as majority of revenue, including rebar, structural shapes, bars, and wire rod"
ENT000800,CMC,MKT0006,Rebar and Structural Steel,rebar; merchant bar; structural,producer,focal_market_member,core,1.0,default_assignment_weight,no exposure row; assignment treated as full exposure for demo.,2132.018,2120.307,2114.518,2019.984,1754.376,1909.602,1996.149,2078.485,1848.287,2003.051,2209.228,2344.989,outputs/company_text_v0.csv; data/GSE580_theta_data.csv; outputs/company_peers_top5.csv,2026-05-28,0.94,"Company text identifies rebar, merchant bar, light structural, wire rod, and steel fabrication serving construction"
ENT002679,NSEI:JSWSTEEL,MKT0006,Rebar and Structural Steel,rebar; wire rod,producer,focal_market_member,important,0.25,task3_multi_market_estimate,Text-supported estimate from Task 3 steel product mix notes,5118.26067,5082.83017,5030.8401,5245.2581,4835.03089,4736.55009,5151.52387,5553.26183,5038.49168,5366.21317,5143.77436,5718.64868,outputs/company_text_v0.csv; data/GSE580_theta_data.csv; outputs/company_peers_top5.csv,2026-05-28,0.82,Company text identifies long steel products including TMT rebar and wire rod; flat products are larger
ENT002702,NSEI:TATASTEEL,MKT0006,Rebar and Structural Steel,rebar; wire rod; structural,producer,focal_market_member,important,0.3,task3_multi_market_estimate,Text-supported estimate from Task 3 steel product mix notes,6343.70076,6606.74376,6200.44542,6579.31897,6268.81888,6433.88668,6570.48001,7043.72255,6644.93198,6701.98066,7248.98462,7666.94195,outputs/company_text_v0.csv; data/GSE580_theta_data.csv; outputs/company_peers_top5.csv,2026-05-28,0.82,"Company text identifies long products including rebars, wire rods, and structural sections; flat products are larger"
ENT002732,NUE,MKT0006,Rebar and Structural Steel,rebar; structural; merchant bar,producer,focal_market_member,core,0.45,task3_multi_market_estimate,Text-supported estimate from Task 3 diversified steel notes,7687.0,8521.0,8456.0,7830.0,7076.0,7444.0,8077.0,8137.0,7705.03,8775.734,9523.256,8709.98,outputs/company_text_v0.csv; data/GSE580_theta_data.csv; outputs/company_peers_top5.csv,2026-05-28,0.88,"Company text identifies bar, structural steel, rebar, joists, and deck alongside flat products"
ENT003241,RS,MKT0006,Rebar and Structural Steel,,distributor,downstream_participant,important,0.45,task3_multi_market_estimate,Text-supported estimate from Task 3 service-center notes,3498.6,3651.2,3659.8,3484.7,3126.6,3420.3,3643.3,3644.8,3337.3,3623.0,3880.3,3965.3,outputs/company_text_v0.csv; data/GSE580_theta_data.csv; outputs/company_peers_top5.csv,2026-05-28,0.80,"Company text identifies metal service center distributing structural, pipe/tube, and carbon steel products; downstream channel role"
ENT003263,RYI,MKT0006,Rebar and Structural Steel,,distributor,downstream_participant,important,0.5,task3_multi_market_estimate,Text-supported estimate from Task 3 service-center notes,1104.8,1161.5,1169.3,1135.7,1007.4,1126.6,1225.5,1239.2,1112.4,1246.7,1343.5,1406.1,outputs/company_text_v0.csv; data/GSE580_theta_data.csv; outputs/company_peers_top5.csv,2026-05-28,0.80,"Company text identifies service center selling bars, plates, structural, and tubing; downstream channel role"
ENT003532,SIM,MKT0006,Rebar and Structural Steel,structural; rebar; wire rod,producer,focal_market_member,core,1.0,default_assignment_weight,no exposure row; assignment treated as full exposure for demo.,442.7839,408.08229,373.9561,380.77445,423.75373,436.5468,459.46842,475.85891,516.84796,542.93419,590.27509,710.91993,outputs/company_text_v0.csv; data/GSE580_theta_data.csv; outputs/company_peers_top5.csv,2026-05-28,0.90,"Company text identifies structural steel, rebar, wire rod, and SBQ production"
ENT003658,STLD,MKT0006,Rebar and Structural Steel,structural; rebar; merchant bar,producer,focal_market_member,core,0.4,task3_multi_market_estimate,Text-supported estimate from Task 3 diversified steel notes,4414.048,4828.215,4565.123,4369.195,3872.138,4341.615,4632.634,4694.003,4233.423,4587.057,5081.63,4893.206,outputs/company_text_v0.csv; data/GSE580_theta_data.csv; outputs/company_peers_top5.csv,2026-05-28,0.88,"Company text identifies long products including structural beams, rail, rebar, and merchant bar alongside flat products"
ENT004041,TSE:5401,MKT0006,Rebar and Structural Steel,bars; shapes,producer,focal_market_member,important,0.3,task3_multi_market_estimate,Text-supported estimate from Task 3 diversified steel notes,16714.77373,17750.63015,13922.96072,14310.89668,13819.88948,15274.08226,13623.19574,14718.72734,15815.56627,14813.90773,15214.4833,15149.65326,outputs/company_text_v0.csv; data/GSE580_theta_data.csv; outputs/company_peers_top5.csv,2026-05-28,0.80,"Company text identifies long products including bars and shapes, but broader steel mix is diversified"
ENT004315,TX,MKT0006,Rebar and Structural Steel,rebar; wire rod; structural,producer,focal_market_member,important,0.25,task3_multi_market_estimate,Text-supported estimate from Task 3 steel shipment mix notes,3774.785,3954.562,3946.939,3932.808,3876.255,4480.356,4514.152,4778.297,4930.739,5184.71,3871.272,3623.371,outputs/company_text_v0.csv; data/GSE580_theta_data.csv; outputs/company_peers_top5.csv,2026-05-28,0.76,"Company text identifies long steel products including rebar, wire rod, and structural shapes, though flat steel dominates"
ENT004632,XTRA:KCO,MKT0006,Rebar and Structural Steel,,distributor,downstream_participant,important,0.5,task3_multi_market_estimate,Text-supported estimate from Task 3 service-center notes,1717.10109,1888.348,1929.29536,1801.01059,1536.84232,1835.96029,1890.61181,1874.1245,1775.3211,1859.11516,1915.15721,1998.80269,outputs/company_text_v0.csv; data/GSE580_theta_data.csv; outputs/company_peers_top5.csv,2026-05-28,0.80,"Company text identifies steel distributor/service center with long products including bar, tube, and structural products"
ENT000210,APA,MKT0007,Oil and Gas Exploration and Production,oil-weighted,producer,focal_market_member,core,1.0,default_assignment_weight,no exposure row; assignment treated as full exposure for demo.,1756.0,2115.0,2178.0,2636.0,2438.0,2531.0,2543.0,1951.0,1945.0,2308.0,1905.0,1976.0,outputs/company_text_v0.csv; data/GSE580_theta_data.csv; outputs/company_peers_top5.csv,2026-05-28,0.92,"Company text identifies a mid-cap E&P company with Permian, Egypt, and North Sea production"
ENT000246,AROC,MKT0007,Oil and Gas Exploration and Production,,service_provider,upstream_participant,important,1.0,default_assignment_weight,no exposure row; assignment treated as full exposure for demo.,377.073,382.43,383.152,347.163,326.416,292.161,270.526,268.488,259.593,253.367,247.543,229.834,outputs/company_text_v0.csv; data/GSE580_theta_data.csv; outputs/company_peers_top5.csv,2026-05-28,0.80,Company text identifies natural gas contract compression services for midstream and upstream oil and gas customers
ENT000515,BKR,MKT0007,Oil and Gas Exploration and Production,,service_provider,upstream_participant,important,1.0,default_assignment_weight,no exposure row; assignment treated as full exposure for demo.,7386.0,7010.0,6910.0,6427.0,7364.0,6908.0,7139.0,6418.0,6835.0,6641.0,6315.0,5716.0,outputs/company_text_v0.csv; data/GSE580_theta_data.csv; outputs/company_peers_top5.csv,2026-05-28,0.84,"Company text identifies oilfield services and equipment for drilling, completions, production, and subsea operations"
ENT000554,BME:REP,MKT0007,Oil and Gas Exploration and Production,,producer,focal_market_member,important,0.35,single_market_with_out_of_scope_estimate,Text-supported estimate from Task 3 integrated energy notes,8467.77035,15486.33111,15889.60658,15572.84911,8043.2757,15274.36984,15790.20679,16383.64441,10014.3694,16507.1973,14289.30131,16702.52064,outputs/company_text_v0.csv; data/GSE580_theta_data.csv; outputs/company_peers_top5.csv,2026-05-28,0.74,"Company text identifies upstream E&P production but company is integrated across refining, chemicals, customer, and low-carbon generation; human review useful"
ENT000582,BORR,MKT0007,Oil and Gas Exploration and Production,,service_provider,upstream_participant,important,1.0,default_assignment_weight,no exposure row; assignment treated as full exposure for demo.,259.4,277.1,267.7,216.6,263.1,241.6,271.9,234.0,220.6,191.5,187.5,172.0,outputs/company_text_v0.csv; data/GSE580_theta_data.csv; outputs/company_peers_top5.csv,2026-05-28,0.82,Company text identifies offshore jack-up drilling services for oil and gas customers
ENT000852,COP,MKT0007,Oil and Gas Exploration and Production,oil and gas,producer,focal_market_member,core,1.0,default_assignment_weight,no exposure row; assignment treated as full exposure for demo.,13675.0,15376.0,14319.0,16909.0,14676.0,13482.0,14023.0,14269.0,15150.0,14638.0,12763.0,15310.0,outputs/company_text_v0.csv; data/GSE580_theta_data.csv; outputs/company_peers_top5.csv,2026-05-28,0.95,"Company text identifies the largest independent E&P company with crude oil, natural gas, and NGL production"
ENT000948,CTRA,MKT0007,Oil and Gas Exploration and Production,mixed oil/gas,producer,focal_market_member,core,1.0,default_assignment_weight,no exposure row; assignment treated as full exposure for demo.,1713.0,1676.0,1665.0,1937.0,1388.0,1242.0,1235.0,1379.0,1438.0,1308.0,1154.0,1579.0,outputs/company_text_v0.csv; data/GSE580_theta_data.csv; outputs/company_peers_top5.csv,2026-05-28,0.92,"Company text identifies diversified E&P assets in Permian, Marcellus, and Anadarko with oil, gas, and NGL production"
ENT001303,ENXTPA:TTE,MKT0007,Oil and Gas Exploration and Production,,producer,focal_market_member,important,0.4,single_market_with_out_of_scope_estimate,Text-supported estimate from Task 3 integrated energy notes,45925.0,43844.0,44676.0,47899.0,47115.0,47429.0,49183.0,51883.0,54765.0,54413.0,51534.0,58233.0,outputs/company_text_v0.csv; data/GSE580_theta_data.csv; outputs/company_peers_top5.csv,2026-05-28,0.74,"Company text identifies upstream E&P and LNG exposure but company is integrated across refining, chemicals, fuel retail, and power; human review useful"
ENT001659,HAL,MKT0007,Oil and Gas Exploration and Production,,service_provider,upstream_participant,important,1.0,default_assignment_weight,no exposure row; assignment treated as full exposure for demo.,5657.0,5600.0,5510.0,5417.0,5610.0,5697.0,5833.0,5804.0,5739.0,5804.0,5798.0,5677.0,outputs/company_text_v0.csv; data/GSE580_theta_data.csv; outputs/company_peers_top5.csv,2026-05-28,0.88,Company text identifies oilfield services to the upstream oil and gas industry
ENT001871,INVX,MKT0007,Oil and Gas Exploration and Production,completion tools; subsea equipment,equipment_provider,upstream_participant,important,1.0,default_assignment_weight,no exposure row; assignment treated as full exposure for demo.,273.602,240.0,224.234,240.415,250.687,151.817,130.302,127.997,133.19,139.086,147.641,141.6315,outputs/company_text_v0.csv; data/GSE580_theta_data.csv; outputs/company_peers_top5.csv,2026-05-28,0.82,"Company text identifies downhole completion tools, wellhead, and subsea production equipment sold to E&P operators"
ENT002006,KMI,MKT0007,Oil and Gas Exploration and Production,,transport_operator,downstream_participant,important,1.0,default_assignment_weight,no exposure row; assignment treated as full exposure for demo.,4508.0,4146.0,4042.0,4241.0,3987.0,3699.0,3572.0,3842.0,4038.0,3907.0,3501.0,3888.0,outputs/company_text_v0.csv; data/GSE580_theta_data.csv; outputs/company_peers_top5.csv,2026-05-28,0.84,"Company text identifies pipelines and terminals transporting natural gas, crude, products, and related infrastructure downstream of E&P"
ENT002118,LBRT,MKT0007,Oil and Gas Exploration and Production,,service_provider,upstream_participant,important,1.0,default_assignment_weight,no exposure row; assignment treated as full exposure for demo.,1038.737,947.397,1042.521,977.461,943.574,1138.578,1159.884,1073.125,1074.958,1215.905,1194.988,1262.077,outputs/company_text_v0.csv; data/GSE580_theta_data.csv; outputs/company_peers_top5.csv,2026-05-28,0.84,Company text identifies hydraulic fracturing and completion services for onshore oil and gas producers
ENT002174,LNG,MKT0007,Oil and Gas Exploration and Production,,transport_operator,downstream_participant,important,1.0,default_assignment_weight,no exposure row; assignment treated as full exposure for demo.,5008.0,4396.0,4663.0,5420.0,4458.0,3690.0,3170.0,4135.0,4583.0,4045.0,4000.0,7153.0,outputs/company_text_v0.csv; data/GSE580_theta_data.csv; outputs/company_peers_top5.csv,2026-05-28,0.80,Company text identifies LNG liquefaction and export infrastructure; downstream of natural gas production rather than E&P producer
ENT002430,MGY,MKT0007,Oil and Gas Exploration and Production,oil-weighted shale,producer,focal_market_member,core,1.0,default_assignment_weight,no exposure row; assignment treated as full exposure for demo.,317.628,324.935,318.981,350.3,326.609,333.135,336.725,319.417,322.628,315.678,280.291,308.382,outputs/company_text_v0.csv; data/GSE580_theta_data.csv; outputs/company_peers_top5.csv,2026-05-28,0.90,Company text identifies an independent E&P focused on Eagle Ford and Austin Chalk production
ENT002487,MPLX,MKT0007,Oil and Gas Exploration and Production,,transport_operator,downstream_participant,important,1.0,default_assignment_weight,no exposure row; assignment treated as full exposure for demo.,3097.0,2949.0,2833.0,2938.0,2892.0,2823.0,2707.0,2689.0,2804.0,2753.0,2545.0,2579.0,outputs/company_text_v0.csv; data/GSE580_theta_data.csv; outputs/company_peers_top5.csv,2026-05-28,0.84,"Company text identifies crude, product, natural gas, and NGL pipelines, gathering, processing, and fractionation"
ENT002559,NBR,MKT0007,Oil and Gas Exploration and Production,,service_provider,upstream_participant,important,1.0,default_assignment_weight,no exposure row; assignment treated as full exposure for demo.,797.529,818.19,832.788,736.186,729.819,731.805,734.798,733.704,725.801,733.974,767.067,779.139,outputs/company_text_v0.csv; data/GSE580_theta_data.csv; outputs/company_peers_top5.csv,2026-05-28,0.84,Company text identifies onshore drilling services and drilling technology for E&P operators
ENT002568,NE,MKT0007,Oil and Gas Exploration and Production,,service_provider,upstream_participant,important,1.0,default_assignment_weight,no exposure row; assignment treated as full exposure for demo.,705.297,757.405,812.077,832.428,882.089,763.543,660.71,612.425,609.241,671.004,606.18,575.29,outputs/company_text_v0.csv; data/GSE580_theta_data.csv; outputs/company_peers_top5.csv,2026-05-28,0.84,Company text identifies offshore drilling contractor serving oil and gas producers
ENT002584,NFG,MKT0007,Oil and Gas Exploration and Production,gas-weighted,producer,focal_market_member,important,0.55,single_market_with_out_of_scope_estimate,Text-supported estimate from Task 3 upstream gathering utility and pipeline notes,651.507,466.279,531.83,729.95,549.482,372.068,417.442,629.939,525.361,368.947,428.704,717.261,outputs/company_text_v0.csv; data/GSE580_theta_data.csv; outputs/company_peers_top5.csv,2026-05-28,0.76,Company text identifies integrated upstream and gathering earnings with utility and pipeline segments; human review useful
ENT002627,NOV,MKT0007,Oil and Gas Exploration and Production,drilling equipment,equipment_provider,upstream_participant,important,1.0,default_assignment_weight,no exposure row; assignment treated as full exposure for demo.,2277.0,2176.0,2188.0,2103.0,2308.0,2191.0,2216.0,2155.0,2343.0,2185.0,2093.0,1962.0,outputs/company_text_v0.csv; data/GSE580_theta_data.csv; outputs/company_peers_top5.csv,2026-05-28,0.84,"Company text identifies drilling rigs, wellbore technologies, completion and production equipment for E&P and drilling contractors"
ENT002691,NSEI:ONGC,MKT0007,Oil and Gas Exploration and Production,oil and gas,producer,focal_market_member,core,1.0,default_assignment_weight,no exposure row; assignment treated as full exposure for demo.,18632.21494,17776.29346,19018.02838,19967.39352,19408.44357,18897.63414,19982.86343,15040.39917,19890.75658,17677.99533,19962.37134,13585.28766,outputs/company_text_v0.csv; data/GSE580_theta_data.csv; outputs/company_peers_top5.csv,2026-05-28,0.90,Company text identifies upstream E&P revenue from crude oil and natural gas
ENT002927,OXY,MKT0007,Oil and Gas Exploration and Production,oil-weighted,producer,focal_market_member,important,0.8,single_market_with_out_of_scope_estimate,Text-supported estimate from Task 3 upstream EBITDA and non-upstream notes,5112.0,6624.0,6414.0,6803.0,2054.0,7173.0,6817.0,5975.0,7172.0,7158.0,6702.0,7225.0,outputs/company_text_v0.csv; data/GSE580_theta_data.csv; outputs/company_peers_top5.csv,2026-05-28,0.82,"Company text identifies primarily upstream oil and gas EBITDA but also midstream, chemicals, and low-carbon exposure"
ENT003389,SEHK:883,MKT0007,Oil and Gas Exploration and Production,offshore,producer,focal_market_member,core,1.0,default_assignment_weight,no exposure row; assignment treated as full exposure for demo.,12255.08978,14734.09936,14064.3234,14725.28079,12944.33559,14149.83247,15866.7382,15437.71206,15483.50705,15726.91391,13010.07957,14224.50942,outputs/company_text_v0.csv; data/GSE580_theta_data.csv; outputs/company_peers_top5.csv,2026-05-28,0.91,Company text identifies a major offshore oil and gas producer
ENT003414,SET:PTT,MKT0007,Oil and Gas Exploration and Production,,producer,focal_market_member,important,0.2,single_market_with_out_of_scope_estimate,Text-supported estimate from Task 3 integrated energy conglomerate notes,20245.40088,19914.03944,20837.63173,20619.65837,21104.61444,23559.22135,22374.31924,21542.0666,23479.25893,21955.68303,22035.3929,22217.31181,outputs/company_text_v0.csv; data/GSE580_theta_data.csv; outputs/company_peers_top5.csv,2026-05-28,0.68,Company text identifies upstream E&P revenue within an integrated energy conglomerate; human review useful
ENT003459,SHSE:600028,MKT0007,Oil and Gas Exploration and Production,,producer,focal_market_member,important,0.2,single_market_with_out_of_scope_estimate,Text-supported estimate from Task 3 oil production and refining/marketing notes,95811.22036,98942.15656,94041.7097,101337.5595,97001.137,112682.3008,108184.2324,109406.1352,104679.801,120091.4125,110634.0058,115199.8779,outputs/company_text_v0.csv; data/GSE580_theta_data.csv; outputs/company_peers_top5.csv,2026-05-28,0.68,Company text identifies oil and gas production but refining and marketing dominate; human review useful
ENT003488,SHSE:601857,MKT0007,Oil and Gas Exploration and Production,oil and gas,producer,focal_market_member,important,0.5,single_market_with_out_of_scope_estimate,Text-supported estimate from Task 3 large producer and integrated operations notes,99395.65933,101016.5469,97293.47552,103783.9179,93201.49048,100181.196,102130.4819,112568.5201,103044.3245,109950.3879,103056.9613,106631.1945,outputs/company_text_v0.csv; data/GSE580_theta_data.csv; outputs/company_peers_top5.csv,2026-05-28,0.86,Company text identifies a large oil and gas producer with integrated energy operations
ENT003551,SLB,MKT0007,Oil and Gas Exploration and Production,,service_provider,upstream_participant,core,1.0,default_assignment_weight,no exposure row; assignment treated as full exposure for demo.,9745.0,8928.0,8546.0,8490.0,9284.0,9159.0,9139.0,8707.0,8990.0,8310.0,8099.0,7736.0,outputs/company_text_v0.csv; data/GSE580_theta_data.csv; outputs/company_peers_top5.csv,2026-05-28,0.90,Company text identifies oilfield services and technology for the global oil and gas industry
ENT003565,SM,MKT0007,Oil and Gas Exploration and Production,shale,producer,focal_market_member,core,1.0,default_assignment_weight,no exposure row; assignment treated as full exposure for demo.,678.224,778.371,762.743,807.702,817.638,614.291,634.555,507.47,581.026,640.901,523.354,523.505,outputs/company_text_v0.csv; data/GSE580_theta_data.csv; outputs/company_peers_top5.csv,2026-05-28,0.90,"Company text identifies a mid-cap E&P company operating in Midland Basin, Eagle Ford/Austin Chalk, and Uinta Basin"
ENT003938,TRGP,MKT0007,Oil and Gas Exploration and Production,,transport_operator,downstream_participant,important,1.0,default_assignment_weight,no exposure row; assignment treated as full exposure for demo.,4055.5,4151.2,4260.1,4561.5,4405.3,3851.8,3562.0,4562.4,4239.5,3896.6,3403.7,4520.5,outputs/company_text_v0.csv; data/GSE580_theta_data.csv; outputs/company_peers_top5.csv,2026-05-28,0.84,"Company text identifies gathering, processing, transportation, fractionation, storage, and marketing services for gas, NGLs, and crude"
ENT004217,TSX:CNQ,MKT0007,Oil and Gas Exploration and Production,oil and gas,producer,focal_market_member,core,1.0,default_assignment_weight,no exposure row; assignment treated as full exposure for demo.,7008.13933,6831.83884,6377.48742,7610.53327,6580.3008,6582.77508,6613.08589,6088.08673,7233.66878,7314.72926,5958.31446,6378.37118,outputs/company_text_v0.csv; data/GSE580_theta_data.csv; outputs/company_peers_top5.csv,2026-05-28,0.91,"Company text identifies a large oil and gas producer with heavy oil, synthetic crude, light oil, gas, and offshore assets"
ENT004504,WFRD,MKT0007,Oil and Gas Exploration and Production,,service_provider,upstream_participant,important,1.0,default_assignment_weight,no exposure row; assignment treated as full exposure for demo.,1289.0,1232.0,1204.0,1193.0,1341.0,1409.0,1405.0,1358.0,1362.0,1313.0,1274.0,1186.0,outputs/company_text_v0.csv; data/GSE580_theta_data.csv; outputs/company_peers_top5.csv,2026-05-28,0.86,"Company text identifies well construction, completions, production optimization, and digital oilfield services"
ENT004525,WMB,MKT0007,Oil and Gas Exploration and Production,,transport_operator,downstream_participant,important,1.0,default_assignment_weight,no exposure row; assignment treated as full exposure for demo.,3108.0,2867.0,2745.0,3110.0,2860.0,2648.0,2465.0,2780.0,2473.0,2535.0,2368.0,2575.0,outputs/company_text_v0.csv; data/GSE580_theta_data.csv; outputs/company_peers_top5.csv,2026-05-28,0.84,"Company text identifies natural gas pipeline, gathering, processing, transportation, and storage infrastructure"
